"id","user_id","action","description","reference_type","reference_id","ip_address","created_at"
"id","course_id","title","description","grade_level","max_grade","deadline","allow_resubmission","max_attempts","allowed_extensions","max_file_size_mb","created_by","is_active","created_at","updated_at"
"1","1","Arabic Assignment 1","Weekly homework and practice problem set #1 for Arabic.","First Year of Middle School","20.00","2026-09-24 20:28:21","1","1","pdf,doc,docx,png,jpg,zip","10","280","1","2026-09-19 21:28:21","2026-09-19 21:28:21"
"2","1","Arabic Assignment 2","Weekly homework and practice problem set #2 for Arabic.","First Year of Middle School","50.00","2026-09-29 20:28:21","1","1","pdf,doc,docx,png,jpg,zip","10","280","1","2026-09-19 21:28:21","2026-09-19 21:28:21"
"3","2","Arabic Assignment 1","Weekly homework and practice problem set #1 for Arabic.","Second Year of Middle School","20.00","2026-09-24 20:28:21","1","1","pdf,doc,docx,png,jpg,zip","10","280","1","2026-09-19 21:28:21","2026-09-19 21:28:21"
"4","2","Arabic Assignment 2","Weekly homework and practice problem set #2 for Arabic.","Second Year of Middle School","50.00","2026-09-29 20:28:21","1","1","pdf,doc,docx,png,jpg,zip","10","280","1","2026-09-19 21:28:21","2026-09-19 21:28:21"
"5","3","Arabic Assignment 1","Weekly homework and practice problem set #1 for Arabic.","Third Year of Middle School","20.00","2026-09-24 20:28:21","1","1","pdf,doc,docx,png,jpg,zip","10","280","1","2026-09-19 21:28:21","2026-09-19 21:28:21"
"6","3","Arabic Assignment 2","Weekly homework and practice problem set #2 for Arabic.","Third Year of Middle School","50.00","2026-09-29 20:28:21","1","1","pdf,doc,docx,png,jpg,zip","10","280","1","2026-09-19 21:28:21","2026-09-19 21:28:21"
"7","4","Arabic Assignment 1","Weekly homework and practice problem set #1 for Arabic.","First Year of Middle School","20.00","2026-09-24 20:28:21","1","1","pdf,doc,docx,png,jpg,zip","10","281","1","2026-09-19 21:28:21","2026-09-19 21:28:21"
"8","4","Arabic Assignment 2","Weekly homework and practice problem set #2 for Arabic.","First Year of Middle School","50.00","2026-09-29 20:28:21","1","1","pdf,doc,docx,png,jpg,zip","10","281","1","2026-09-19 21:28:21","2026-09-19 21:28:21"
"9","5","Arabic Assignment 1","Weekly homework and practice problem set #1 for Arabic.","Second Year of Middle School","20.00","2026-09-24 20:28:21","1","1","pdf,doc,docx,png,jpg,zip","10","281","1","2026-09-19 21:28:21","2026-09-19 21:28:21"
"10","5","Arabic Assignment 2","Weekly homework and practice problem set #2 for Arabic.","Second Year of Middle School","50.00","2026-09-29 20:28:21","1","1","pdf,doc,docx,png,jpg,zip","10","281","1","2026-09-19 21:28:21","2026-09-19 21:28:21"
"11","6","Arabic Assignment 1","Weekly homework and practice problem set #1 for Arabic.","First Year of Middle School","20.00","2026-09-24 20:28:21","1","1","pdf,doc,docx,png,jpg,zip","10","282","1","2026-09-19 21:28:21","2026-09-19 21:28:21"
"12","6","Arabic Assignment 2","Weekly homework and practice problem set #2 for Arabic.","First Year of Middle School","50.00","2026-09-29 20:28:21","1","1","pdf,doc,docx,png,jpg,zip","10","282","1","2026-09-19 21:28:21","2026-09-19 21:28:21"
"13","7","Arabic Assignment 1","Weekly homework and practice problem set #1 for Arabic.","Second Year of Middle School","20.00","2026-09-24 20:28:21","1","1","pdf,doc,docx,png,jpg,zip","10","283","1","2026-09-19 21:28:21","2026-09-19 21:28:21"
"14","7","Arabic Assignment 2","Weekly homework and practice problem set #2 for Arabic.","Second Year of Middle School","50.00","2026-09-29 20:28:21","1","1","pdf,doc,docx,png,jpg,zip","10","283","1","2026-09-19 21:28:21","2026-09-19 21:28:21"
"15","8","Arabic Assignment 1","Weekly homework and practice problem set #1 for Arabic.","Third Year of Middle School","20.00","2026-09-24 20:28:21","1","1","pdf,doc,docx,png,jpg,zip","10","283","1","2026-09-19 21:28:21","2026-09-19 21:28:21"
"16","8","Arabic Assignment 2","Weekly homework and practice problem set #2 for Arabic.","Third Year of Middle School","50.00","2026-09-29 20:28:21","1","1","pdf,doc,docx,png,jpg,zip","10","283","1","2026-09-19 21:28:21","2026-09-19 21:28:21"
"17","9","Arabic Assignment 1","Weekly homework and practice problem set #1 for Arabic.","Third Year of Middle School","20.00","2026-09-24 20:28:21","1","1","pdf,doc,docx,png,jpg,zip","10","284","1","2026-09-19 21:28:21","2026-09-19 21:28:21"
"18","9","Arabic Assignment 2","Weekly homework and practice problem set #2 for Arabic.","Third Year of Middle School","50.00","2026-09-29 20:28:21","1","1","pdf,doc,docx,png,jpg,zip","10","284","1","2026-09-19 21:28:21","2026-09-19 21:28:21"
"19","10","English Assignment 1","Weekly homework and practice problem set #1 for English.","First Year of Middle School","20.00","2026-09-24 20:28:21","1","1","pdf,doc,docx,png,jpg,zip","10","285","1","2026-09-19 21:28:21","2026-09-19 21:28:21"
"20","10","English Assignment 2","Weekly homework and practice problem set #2 for English.","First Year of Middle School","50.00","2026-09-29 20:28:21","1","1","pdf,doc,docx,png,jpg,zip","10","285","1","2026-09-19 21:28:21","2026-09-19 21:28:21"
"21","11","English Assignment 1","Weekly homework and practice problem set #1 for English.","Second Year of Middle School","20.00","2026-09-24 20:28:21","1","1","pdf,doc,docx,png,jpg,zip","10","285","1","2026-09-19 21:28:21","2026-09-19 21:28:21"
"22","11","English Assignment 2","Weekly homework and practice problem set #2 for English.","Second Year of Middle School","50.00","2026-09-29 20:28:21","1","1","pdf,doc,docx,png,jpg,zip","10","285","1","2026-09-19 21:28:21","2026-09-19 21:28:21"
"23","12","English Assignment 1","Weekly homework and practice problem set #1 for English.","Third Year of Middle School","20.00","2026-09-24 20:28:21","1","1","pdf,doc,docx,png,jpg,zip","10","285","1","2026-09-19 21:28:21","2026-09-19 21:28:21"
"24","12","English Assignment 2","Weekly homework and practice problem set #2 for English.","Third Year of Middle School","50.00","2026-09-29 20:28:21","1","1","pdf,doc,docx,png,jpg,zip","10","285","1","2026-09-19 21:28:21","2026-09-19 21:28:21"
"25","13","English Assignment 1","Weekly homework and practice problem set #1 for English.","First Year of Middle School","20.00","2026-09-24 20:28:21","1","1","pdf,doc,docx,png,jpg,zip","10","286","1","2026-09-19 21:28:21","2026-09-19 21:28:21"
"26","13","English Assignment 2","Weekly homework and practice problem set #2 for English.","First Year of Middle School","50.00","2026-09-29 20:28:21","1","1","pdf,doc,docx,png,jpg,zip","10","286","1","2026-09-19 21:28:21","2026-09-19 21:28:21"
"27","14","English Assignment 1","Weekly homework and practice problem set #1 for English.","Third Year of Middle School","20.00","2026-09-24 20:28:21","1","1","pdf,doc,docx,png,jpg,zip","10","286","1","2026-09-19 21:28:21","2026-09-19 21:28:21"
"28","14","English Assignment 2","Weekly homework and practice problem set #2 for English.","Third Year of Middle School","50.00","2026-09-29 20:28:21","1","1","pdf,doc,docx,png,jpg,zip","10","286","1","2026-09-19 21:28:21","2026-09-19 21:28:21"
"29","15","English Assignment 1","Weekly homework and practice problem set #1 for English.","Second Year of Middle School","20.00","2026-09-24 20:28:21","1","1","pdf,doc,docx,png,jpg,zip","10","287","1","2026-09-19 21:28:21","2026-09-19 21:28:21"
"30","15","English Assignment 2","Weekly homework and practice problem set #2 for English.","Second Year of Middle School","50.00","2026-09-29 20:28:21","1","1","pdf,doc,docx,png,jpg,zip","10","287","1","2026-09-19 21:28:21","2026-09-19 21:28:21"
"31","16","Mathematics Assignment 1","Weekly homework and practice problem set #1 for Mathematics.","First Year of Middle School","20.00","2026-09-24 20:28:21","1","1","pdf,doc,docx,png,jpg,zip","10","288","1","2026-09-19 21:28:21","2026-09-19 21:28:21"
"32","16","Mathematics Assignment 2","Weekly homework and practice problem set #2 for Mathematics.","First Year of Middle School","50.00","2026-09-29 20:28:21","1","1","pdf,doc,docx,png,jpg,zip","10","288","1","2026-09-19 21:28:21","2026-09-19 21:28:21"
"33","17","Mathematics Assignment 1","Weekly homework and practice problem set #1 for Mathematics.","Second Year of Middle School","20.00","2026-09-24 20:28:21","1","1","pdf,doc,docx,png,jpg,zip","10","288","1","2026-09-19 21:28:21","2026-09-19 21:28:21"
"34","17","Mathematics Assignment 2","Weekly homework and practice problem set #2 for Mathematics.","Second Year of Middle School","50.00","2026-09-29 20:28:21","1","1","pdf,doc,docx,png,jpg,zip","10","288","1","2026-09-19 21:28:21","2026-09-19 21:28:21"
"35","18","Mathematics Assignment 1","Weekly homework and practice problem set #1 for Mathematics.","Third Year of Middle School","20.00","2026-09-24 20:28:21","1","1","pdf,doc,docx,png,jpg,zip","10","288","1","2026-09-19 21:28:21","2026-09-19 21:28:21"
"36","18","Mathematics Assignment 2","Weekly homework and practice problem set #2 for Mathematics.","Third Year of Middle School","50.00","2026-09-29 20:28:21","1","1","pdf,doc,docx,png,jpg,zip","10","288","1","2026-09-19 21:28:21","2026-09-19 21:28:21"
"37","19","Mathematics Assignment 1","Weekly homework and practice problem set #1 for Mathematics.","First Year of Middle School","20.00","2026-09-24 20:28:21","1","1","pdf,doc,docx,png,jpg,zip","10","289","1","2026-09-19 21:28:21","2026-09-19 21:28:21"
"38","19","Mathematics Assignment 2","Weekly homework and practice problem set #2 for Mathematics.","First Year of Middle School","50.00","2026-09-29 20:28:21","1","1","pdf,doc,docx,png,jpg,zip","10","289","1","2026-09-19 21:28:21","2026-09-19 21:28:21"
"39","20","Mathematics Assignment 1","Weekly homework and practice problem set #1 for Mathematics.","Second Year of Middle School","20.00","2026-09-24 20:28:21","1","1","pdf,doc,docx,png,jpg,zip","10","289","1","2026-09-19 21:28:21","2026-09-19 21:28:21"
"40","20","Mathematics Assignment 2","Weekly homework and practice problem set #2 for Mathematics.","Second Year of Middle School","50.00","2026-09-29 20:28:21","1","1","pdf,doc,docx,png,jpg,zip","10","289","1","2026-09-19 21:28:21","2026-09-19 21:28:21"
"41","21","Mathematics Assignment 1","Weekly homework and practice problem set #1 for Mathematics.","Third Year of Middle School","20.00","2026-09-24 20:28:21","1","1","pdf,doc,docx,png,jpg,zip","10","290","1","2026-09-19 21:28:21","2026-09-19 21:28:21"
"42","21","Mathematics Assignment 2","Weekly homework and practice problem set #2 for Mathematics.","Third Year of Middle School","50.00","2026-09-29 20:28:21","1","1","pdf,doc,docx,png,jpg,zip","10","290","1","2026-09-19 21:28:21","2026-09-19 21:28:21"
"43","22","Science Assignment 1","Weekly homework and practice problem set #1 for Science.","First Year of Middle School","20.00","2026-09-24 20:28:21","1","1","pdf,doc,docx,png,jpg,zip","10","291","1","2026-09-19 21:28:21","2026-09-19 21:28:21"
"44","22","Science Assignment 2","Weekly homework and practice problem set #2 for Science.","First Year of Middle School","50.00","2026-09-29 20:28:21","1","1","pdf,doc,docx,png,jpg,zip","10","291","1","2026-09-19 21:28:21","2026-09-19 21:28:21"
"45","23","Science Assignment 1","Weekly homework and practice problem set #1 for Science.","Second Year of Middle School","20.00","2026-09-24 20:28:21","1","1","pdf,doc,docx,png,jpg,zip","10","291","1","2026-09-19 21:28:21","2026-09-19 21:28:21"
"46","23","Science Assignment 2","Weekly homework and practice problem set #2 for Science.","Second Year of Middle School","50.00","2026-09-29 20:28:21","1","1","pdf,doc,docx,png,jpg,zip","10","291","1","2026-09-19 21:28:21","2026-09-19 21:28:21"
"47","24","Science Assignment 1","Weekly homework and practice problem set #1 for Science.","Third Year of Middle School","20.00","2026-09-24 20:28:21","1","1","pdf,doc,docx,png,jpg,zip","10","291","1","2026-09-19 21:28:21","2026-09-19 21:28:21"
"48","24","Science Assignment 2","Weekly homework and practice problem set #2 for Science.","Third Year of Middle School","50.00","2026-09-29 20:28:21","1","1","pdf,doc,docx,png,jpg,zip","10","291","1","2026-09-19 21:28:21","2026-09-19 21:28:21"
"49","25","Science Assignment 1","Weekly homework and practice problem set #1 for Science.","First Year of Middle School","20.00","2026-09-24 20:28:21","1","1","pdf,doc,docx,png,jpg,zip","10","292","1","2026-09-19 21:28:21","2026-09-19 21:28:21"
"50","25","Science Assignment 2","Weekly homework and practice problem set #2 for Science.","First Year of Middle School","50.00","2026-09-29 20:28:21","1","1","pdf,doc,docx,png,jpg,zip","10","292","1","2026-09-19 21:28:21","2026-09-19 21:28:21"
"51","26","Science Assignment 1","Weekly homework and practice problem set #1 for Science.","Second Year of Middle School","20.00","2026-09-24 20:28:21","1","1","pdf,doc,docx,png,jpg,zip","10","293","1","2026-09-19 21:28:21","2026-09-19 21:28:21"
"52","26","Science Assignment 2","Weekly homework and practice problem set #2 for Science.","Second Year of Middle School","50.00","2026-09-29 20:28:21","1","1","pdf,doc,docx,png,jpg,zip","10","293","1","2026-09-19 21:28:21","2026-09-19 21:28:21"
"53","27","Science Assignment 1","Weekly homework and practice problem set #1 for Science.","Third Year of Middle School","20.00","2026-09-24 20:28:21","1","1","pdf,doc,docx,png,jpg,zip","10","293","1","2026-09-19 21:28:21","2026-09-19 21:28:21"
"54","27","Science Assignment 2","Weekly homework and practice problem set #2 for Science.","Third Year of Middle School","50.00","2026-09-29 20:28:21","1","1","pdf,doc,docx,png,jpg,zip","10","293","1","2026-09-19 21:28:21","2026-09-19 21:28:21"
"55","28","Social Studies Assignment 1","Weekly homework and practice problem set #1 for Social Studies.","First Year of Middle School","20.00","2026-09-24 20:28:21","1","1","pdf,doc,docx,png,jpg,zip","10","294","1","2026-09-19 21:28:21","2026-09-19 21:28:21"
"56","28","Social Studies Assignment 2","Weekly homework and practice problem set #2 for Social Studies.","First Year of Middle School","50.00","2026-09-29 20:28:21","1","1","pdf,doc,docx,png,jpg,zip","10","294","1","2026-09-19 21:28:21","2026-09-19 21:28:21"
"57","29","Social Studies Assignment 1","Weekly homework and practice problem set #1 for Social Studies.","Second Year of Middle School","20.00","2026-09-24 20:28:21","1","1","pdf,doc,docx,png,jpg,zip","10","294","1","2026-09-19 21:28:21","2026-09-19 21:28:21"
"58","29","Social Studies Assignment 2","Weekly homework and practice problem set #2 for Social Studies.","Second Year of Middle School","50.00","2026-09-29 20:28:21","1","1","pdf,doc,docx,png,jpg,zip","10","294","1","2026-09-19 21:28:21","2026-09-19 21:28:21"
"59","30","Social Studies Assignment 1","Weekly homework and practice problem set #1 for Social Studies.","Third Year of Middle School","20.00","2026-09-24 20:28:21","1","1","pdf,doc,docx,png,jpg,zip","10","294","1","2026-09-19 21:28:21","2026-09-19 21:28:21"
"60","30","Social Studies Assignment 2","Weekly homework and practice problem set #2 for Social Studies.","Third Year of Middle School","50.00","2026-09-29 20:28:21","1","1","pdf,doc,docx,png,jpg,zip","10","294","1","2026-09-19 21:28:21","2026-09-19 21:28:21"
"61","31","Social Studies Assignment 1","Weekly homework and practice problem set #1 for Social Studies.","First Year of Middle School","20.00","2026-09-24 20:28:21","1","1","pdf,doc,docx,png,jpg,zip","10","295","1","2026-09-19 21:28:21","2026-09-19 21:28:21"
"62","31","Social Studies Assignment 2","Weekly homework and practice problem set #2 for Social Studies.","First Year of Middle School","50.00","2026-09-29 20:28:21","1","1","pdf,doc,docx,png,jpg,zip","10","295","1","2026-09-19 21:28:21","2026-09-19 21:28:21"
"63","32","Social Studies Assignment 1","Weekly homework and practice problem set #1 for Social Studies.","Third Year of Middle School","20.00","2026-09-24 20:28:21","1","1","pdf,doc,docx,png,jpg,zip","10","295","1","2026-09-19 21:28:21","2026-09-19 21:28:21"
"64","32","Social Studies Assignment 2","Weekly homework and practice problem set #2 for Social Studies.","Third Year of Middle School","50.00","2026-09-29 20:28:21","1","1","pdf,doc,docx,png,jpg,zip","10","295","1","2026-09-19 21:28:21","2026-09-19 21:28:21"
"65","33","Social Studies Assignment 1","Weekly homework and practice problem set #1 for Social Studies.","Second Year of Middle School","20.00","2026-09-24 20:28:21","1","1","pdf,doc,docx,png,jpg,zip","10","296","1","2026-09-19 21:28:21","2026-09-19 21:28:21"
"66","33","Social Studies Assignment 2","Weekly homework and practice problem set #2 for Social Studies.","Second Year of Middle School","50.00","2026-09-29 20:28:21","1","1","pdf,doc,docx,png,jpg,zip","10","296","1","2026-09-19 21:28:21","2026-09-19 21:28:21"
"67","34","Arabic Assignment 1","Weekly homework and practice problem set #1 for Arabic.","First Year of High School","20.00","2026-09-24 20:28:21","1","1","pdf,doc,docx,png,jpg,zip","10","297","1","2026-09-19 21:28:21","2026-09-19 21:28:21"
"68","34","Arabic Assignment 2","Weekly homework and practice problem set #2 for Arabic.","First Year of High School","50.00","2026-09-29 20:28:21","1","1","pdf,doc,docx,png,jpg,zip","10","297","1","2026-09-19 21:28:21","2026-09-19 21:28:21"
"69","35","First Foreign Language Assignment 1","Weekly homework and practice problem set #1 for First Foreign Language.","First Year of High School","20.00","2026-09-24 20:28:21","1","1","pdf,doc,docx,png,jpg,zip","10","298","1","2026-09-19 21:28:21","2026-09-19 21:28:21"
"70","35","First Foreign Language Assignment 2","Weekly homework and practice problem set #2 for First Foreign Language.","First Year of High School","50.00","2026-09-29 20:28:21","1","1","pdf,doc,docx,png,jpg,zip","10","298","1","2026-09-19 21:28:21","2026-09-19 21:28:21"
"71","36","History Assignment 1","Weekly homework and practice problem set #1 for History.","First Year of High School","20.00","2026-09-24 20:28:21","1","1","pdf,doc,docx,png,jpg,zip","10","299","1","2026-09-19 21:28:21","2026-09-19 21:28:21"
"72","36","History Assignment 2","Weekly homework and practice problem set #2 for History.","First Year of High School","50.00","2026-09-29 20:28:21","1","1","pdf,doc,docx,png,jpg,zip","10","299","1","2026-09-19 21:28:21","2026-09-19 21:28:21"
"73","37","Mathematics Assignment 1","Weekly homework and practice problem set #1 for Mathematics.","First Year of High School","20.00","2026-09-24 20:28:21","1","1","pdf,doc,docx,png,jpg,zip","10","300","1","2026-09-19 21:28:21","2026-09-19 21:28:21"
"74","37","Mathematics Assignment 2","Weekly homework and practice problem set #2 for Mathematics.","First Year of High School","50.00","2026-09-29 20:28:21","1","1","pdf,doc,docx,png,jpg,zip","10","300","1","2026-09-19 21:28:21","2026-09-19 21:28:21"
"75","38","Integrated Sciences Assignment 1","Weekly homework and practice problem set #1 for Integrated Sciences.","First Year of High School","20.00","2026-09-24 20:28:21","1","1","pdf,doc,docx,png,jpg,zip","10","301","1","2026-09-19 21:28:21","2026-09-19 21:28:21"
"76","38","Integrated Sciences Assignment 2","Weekly homework and practice problem set #2 for Integrated Sciences.","First Year of High School","50.00","2026-09-29 20:28:21","1","1","pdf,doc,docx,png,jpg,zip","10","301","1","2026-09-19 21:28:21","2026-09-19 21:28:21"
"77","39","Philosophy & Logic Assignment 1","Weekly homework and practice problem set #1 for Philosophy & Logic.","First Year of High School","20.00","2026-09-24 20:28:21","1","1","pdf,doc,docx,png,jpg,zip","10","302","1","2026-09-19 21:28:21","2026-09-19 21:28:21"
"78","39","Philosophy & Logic Assignment 2","Weekly homework and practice problem set #2 for Philosophy & Logic.","First Year of High School","50.00","2026-09-29 20:28:21","1","1","pdf,doc,docx,png,jpg,zip","10","302","1","2026-09-19 21:28:21","2026-09-19 21:28:21"
"79","2","Algebra Homework - Chapter 1","Please solve all exercises in Chapter 1 and upload your response in PDF format.Please solve all exercises in Chapter 1 and upload your response in PDF format.","Second Year of Middle School","20.00",NULL,"1","3","pdf,doc,docx,zip","10","280","1","2026-09-20 20:30:29","2026-09-20 20:30:29"
"80","40","Reading Comprehension Practice","Read chapter 3 and answer questions 1 to 5.","First Year of Middle School","100.00","2026-10-05 20:27:20","1","3","pdf,doc,docx,zip,txt","10","378","1","2026-09-07 20:27:20","2026-09-21 21:27:20"
"81","40","Grammar Worksheet Review","Complete grammar exercise 1 on page 15.","First Year of Middle School","100.00","2026-09-16 20:27:20","0","1","pdf,doc,docx,zip,txt","10","378","1","2026-09-07 20:27:20","2026-09-21 21:27:20"
"82","41","Vocabulary and Grammar Review","Vocabulary exercises from unit 2.","First Year of Middle School","100.00","2026-10-05 20:27:20","1","3","pdf,doc,docx,zip,txt","10","379","1","2026-09-07 20:27:20","2026-09-21 21:27:20"
"83","41","Writing Essay Project","Write a short paragraph about your school.","First Year of Middle School","100.00","2026-09-16 20:27:20","0","1","pdf,doc,docx,zip,txt","10","379","1","2026-09-07 20:27:20","2026-09-21 21:27:20"
"84","42","H1","this is 1st HW01","First Year of High School","25.00","2026-09-30 11:59:00","1","2","pdf,doc,docx,zip","2","492","1","2026-09-29 21:42:10","2026-09-29 21:42:10"
"85","42","h01","this is 1st hw01","First Year of High School","20.00","2026-09-30 21:42:00","1","3","pdf,doc,docx,zip","10","492","1","2026-09-29 21:42:43","2026-09-29 21:42:43"
"86","42","1st","1st","First Year of High School","20.00","2026-09-30 21:43:00","1","3","pdf,doc,docx,zip","10","492","1","2026-09-29 21:43:37","2026-09-29 21:43:37"
"87","42","Test Assignment By Hesham","Test instructions here","First Year of High School","20.00","2026-10-15 23:59:00","1","3","pdf,doc,docx,zip","10","492","1","2026-09-29 21:56:41","2026-09-29 21:56:41"
"88","42","1st","HW01 from Hesham","First Year of High School","25.00","2026-09-30 22:03:00","1","2","pdf,doc,docx,zip","2","492","1","2026-09-29 22:03:45","2026-09-29 22:03:45"
"89","42","1st","HW01  from Hesham","First Year of High School","25.00","2026-09-30 22:05:00","1","2","pdf,doc,docx,zip","2","492","1","2026-09-29 22:06:13","2026-09-29 22:06:13"
"90","42","2nd","2nd","First Year of High School","30.00",NULL,"0","1","pdf,doc,docx,zip","1","492","1","2026-09-29 22:20:56","2026-09-29 22:20:56"
"91","42","3rd","3rd","First Year of High School","15.00","2026-09-20 22:22:00","0","1","pdf,doc,docx,zip","1","492","1","2026-09-29 22:22:24","2026-09-29 22:22:24"
"92","42","4th","4th","First Year of High School","20.00","2026-09-21 22:32:00","1","2","pdf,doc,docx,zip","10","492","1","2026-09-29 22:33:13","2026-09-29 22:33:13"
"id","assignment_id","student_id","teacher_id","granted_by","granted_at","expires_at","max_attempts","status","submission_id","notes","created_at","updated_at"
"1","1","6","2","2","2026-09-17 18:43:08","2026-09-18 18:43:08","1","active",NULL,"Teacher granted 24-hour late submission exception","2026-09-17 19:43:08","2026-09-17 19:43:08"
"2","9","5","2","2","2026-09-18 00:53:16","2026-09-19 00:53:16","1","active",NULL,"Teacher granted 24-hour late submission exception","2026-09-18 01:53:16","2026-09-18 01:53:16"
"3","33","5","2","2","2026-09-18 00:53:16","2026-09-19 00:53:16","1","active",NULL,"Teacher granted 24-hour late submission exception","2026-09-18 01:53:16","2026-09-18 01:53:16"
"4","33","6","2","2","2026-09-18 01:01:27","2026-09-19 01:01:27","1","active",NULL,"Teacher granted 24-hour late submission exception","2026-09-18 02:01:27","2026-09-18 02:01:27"
"5","81","384","378","378","2026-09-21 21:28:06","2026-09-22 21:28:06","1","active","175","Medical excuse accepted by teacher","2026-09-21 21:28:06","2026-09-21 21:28:06"
"6","81","384","378","378","2026-09-21 21:29:47","2026-09-22 21:29:47","1","active","175","Medical excuse accepted by teacher","2026-09-21 21:29:47","2026-09-21 21:29:47"
"7","92","495","492","492","2026-09-29 21:34:37","2026-09-30 21:34:37","1","used","313","Teacher granted 24-hour late submission exception","2026-09-29 22:34:37","2026-09-29 22:37:23"
"id","name","subject","description","grade_level","teacher_id","is_active","created_at","updated_at"
"1","Arabic (1st Prep)","Arabic","Comprehensive Arabic curriculum for 1st Prep.","First Year of Middle School","280","1","2026-09-19 21:28:21","2026-09-19 21:28:21"
"2","Arabic (2nd Prep)","Arabic","Comprehensive Arabic curriculum for 2nd Prep.","Second Year of Middle School","280","1","2026-09-19 21:28:21","2026-09-19 21:28:21"
"3","Arabic (3rd Prep)","Arabic","Comprehensive Arabic curriculum for 3rd Prep.","Third Year of Middle School","280","1","2026-09-19 21:28:21","2026-09-19 21:28:21"
"4","Arabic (1st Prep)","Arabic","Comprehensive Arabic curriculum for 1st Prep.","First Year of Middle School","281","1","2026-09-19 21:28:21","2026-09-19 21:28:21"
"5","Arabic (2nd Prep)","Arabic","Comprehensive Arabic curriculum for 2nd Prep.","Second Year of Middle School","281","1","2026-09-19 21:28:21","2026-09-19 21:28:21"
"6","Arabic (1st Prep)","Arabic","Comprehensive Arabic curriculum for 1st Prep.","First Year of Middle School","282","1","2026-09-19 21:28:21","2026-09-19 21:28:21"
"7","Arabic (2nd Prep)","Arabic","Comprehensive Arabic curriculum for 2nd Prep.","Second Year of Middle School","283","1","2026-09-19 21:28:21","2026-09-19 21:28:21"
"8","Arabic (3rd Prep)","Arabic","Comprehensive Arabic curriculum for 3rd Prep.","Third Year of Middle School","283","1","2026-09-19 21:28:21","2026-09-19 21:28:21"
"9","Arabic (3rd Prep)","Arabic","Comprehensive Arabic curriculum for 3rd Prep.","Third Year of Middle School","284","1","2026-09-19 21:28:21","2026-09-19 21:28:21"
"10","English (1st Prep)","English","Comprehensive English curriculum for 1st Prep.","First Year of Middle School","285","1","2026-09-19 21:28:21","2026-09-19 21:28:21"
"11","English (2nd Prep)","English","Comprehensive English curriculum for 2nd Prep.","Second Year of Middle School","285","1","2026-09-19 21:28:21","2026-09-19 21:28:21"
"12","English (3rd Prep)","English","Comprehensive English curriculum for 3rd Prep.","Third Year of Middle School","285","1","2026-09-19 21:28:21","2026-09-19 21:28:21"
"13","English (1st Prep)","English","Comprehensive English curriculum for 1st Prep.","First Year of Middle School","286","1","2026-09-19 21:28:21","2026-09-19 21:28:21"
"14","English (3rd Prep)","English","Comprehensive English curriculum for 3rd Prep.","Third Year of Middle School","286","1","2026-09-19 21:28:21","2026-09-19 21:28:21"
"15","English (2nd Prep)","English","Comprehensive English curriculum for 2nd Prep.","Second Year of Middle School","287","1","2026-09-19 21:28:21","2026-09-19 21:28:21"
"16","Mathematics (1st Prep)","Mathematics","Comprehensive Mathematics curriculum for 1st Prep.","First Year of Middle School","288","1","2026-09-19 21:28:21","2026-09-19 21:28:21"
"17","Mathematics (2nd Prep)","Mathematics","Comprehensive Mathematics curriculum for 2nd Prep.","Second Year of Middle School","288","1","2026-09-19 21:28:21","2026-09-19 21:28:21"
"18","Mathematics (3rd Prep)","Mathematics","Comprehensive Mathematics curriculum for 3rd Prep.","Third Year of Middle School","288","1","2026-09-19 21:28:21","2026-09-19 21:28:21"
"19","Mathematics (1st Prep)","Mathematics","Comprehensive Mathematics curriculum for 1st Prep.","First Year of Middle School","289","1","2026-09-19 21:28:21","2026-09-19 21:28:21"
"20","Mathematics (2nd Prep)","Mathematics","Comprehensive Mathematics curriculum for 2nd Prep.","Second Year of Middle School","289","1","2026-09-19 21:28:21","2026-09-19 21:28:21"
"21","Mathematics (3rd Prep)","Mathematics","Comprehensive Mathematics curriculum for 3rd Prep.","Third Year of Middle School","290","1","2026-09-19 21:28:21","2026-09-19 21:28:21"
"22","Science (1st Prep)","Science","Comprehensive Science curriculum for 1st Prep.","First Year of Middle School","291","1","2026-09-19 21:28:21","2026-09-19 21:28:21"
"23","Science (2nd Prep)","Science","Comprehensive Science curriculum for 2nd Prep.","Second Year of Middle School","291","1","2026-09-19 21:28:21","2026-09-19 21:28:21"
"24","Science (3rd Prep)","Science","Comprehensive Science curriculum for 3rd Prep.","Third Year of Middle School","291","1","2026-09-19 21:28:21","2026-09-19 21:28:21"
"25","Science (1st Prep)","Science","Comprehensive Science curriculum for 1st Prep.","First Year of Middle School","292","1","2026-09-19 21:28:21","2026-09-19 21:28:21"
"26","Science (2nd Prep)","Science","Comprehensive Science curriculum for 2nd Prep.","Second Year of Middle School","293","1","2026-09-19 21:28:21","2026-09-19 21:28:21"
"27","Science (3rd Prep)","Science","Comprehensive Science curriculum for 3rd Prep.","Third Year of Middle School","293","1","2026-09-19 21:28:21","2026-09-19 21:28:21"
"28","Social Studies (1st Prep)","Social Studies","Comprehensive Social Studies curriculum for 1st Prep.","First Year of Middle School","294","1","2026-09-19 21:28:21","2026-09-19 21:28:21"
"29","Social Studies (2nd Prep)","Social Studies","Comprehensive Social Studies curriculum for 2nd Prep.","Second Year of Middle School","294","1","2026-09-19 21:28:21","2026-09-19 21:28:21"
"30","Social Studies (3rd Prep)","Social Studies","Comprehensive Social Studies curriculum for 3rd Prep.","Third Year of Middle School","294","1","2026-09-19 21:28:21","2026-09-19 21:28:21"
"31","Social Studies (1st Prep)","Social Studies","Comprehensive Social Studies curriculum for 1st Prep.","First Year of Middle School","295","1","2026-09-19 21:28:21","2026-09-19 21:28:21"
"32","Social Studies (3rd Prep)","Social Studies","Comprehensive Social Studies curriculum for 3rd Prep.","Third Year of Middle School","295","1","2026-09-19 21:28:21","2026-09-19 21:28:21"
"33","Social Studies (2nd Prep)","Social Studies","Comprehensive Social Studies curriculum for 2nd Prep.","Second Year of Middle School","296","1","2026-09-19 21:28:21","2026-09-19 21:28:21"
"34","Arabic (1st Sec)","Arabic","Comprehensive Arabic curriculum for 1st Sec.","First Year of High School","297","1","2026-09-19 21:28:21","2026-09-19 21:28:21"
"35","First Foreign Language (1st Sec)","First Foreign Language","Comprehensive First Foreign Language curriculum for 1st Sec.","First Year of High School","298","1","2026-09-19 21:28:21","2026-09-19 21:28:21"
"36","History (1st Sec)","History","Comprehensive History curriculum for 1st Sec.","First Year of High School","299","1","2026-09-19 21:28:21","2026-09-19 21:28:21"
"37","Mathematics (1st Sec)","Mathematics","Comprehensive Mathematics curriculum for 1st Sec.","First Year of High School","300","1","2026-09-19 21:28:21","2026-09-19 21:28:21"
"38","Integrated Sciences (1st Sec)","Integrated Sciences","Comprehensive Integrated Sciences curriculum for 1st Sec.","First Year of High School","301","1","2026-09-19 21:28:21","2026-09-19 21:28:21"
"39","Philosophy & Logic (1st Sec)","Philosophy & Logic","Comprehensive Philosophy & Logic curriculum for 1st Sec.","First Year of High School","302","1","2026-09-19 21:28:21","2026-09-19 21:28:21"
"40","Arabic (1st Prep)","Arabic","Arabic Language course for First Year of Middle School","First Year of Middle School","378","1","2026-09-03 21:27:20","2026-09-21 21:29:47"
"41","English (1st Prep)","English","English Language course for First Year of Middle School","First Year of Middle School","379","1","2026-09-03 21:27:20","2026-09-21 21:29:47"
"42","History","History","this is 4 Hesham Selim","First Year of High School","492","1","2026-09-29 20:52:38","2026-09-29 20:52:38"
"id","course_id","assistant_id","assigned_at"
"1","1","303","2026-09-19 21:28:21"
"2","1","304","2026-09-19 21:28:21"
"3","2","303","2026-09-19 21:28:21"
"4","2","304","2026-09-19 21:28:21"
"5","3","303","2026-09-19 21:28:21"
"6","3","304","2026-09-19 21:28:21"
"7","4","305","2026-09-19 21:28:21"
"8","4","306","2026-09-19 21:28:21"
"9","5","305","2026-09-19 21:28:21"
"10","5","306","2026-09-19 21:28:21"
"11","6","307","2026-09-19 21:28:21"
"12","6","308","2026-09-19 21:28:21"
"13","7","309","2026-09-19 21:28:21"
"14","7","310","2026-09-19 21:28:21"
"15","8","309","2026-09-19 21:28:21"
"16","8","310","2026-09-19 21:28:21"
"17","9","311","2026-09-19 21:28:21"
"18","9","312","2026-09-19 21:28:21"
"19","10","313","2026-09-19 21:28:21"
"20","10","314","2026-09-19 21:28:21"
"21","11","313","2026-09-19 21:28:21"
"22","11","314","2026-09-19 21:28:21"
"23","12","313","2026-09-19 21:28:21"
"24","12","314","2026-09-19 21:28:21"
"25","13","315","2026-09-19 21:28:21"
"26","13","316","2026-09-19 21:28:21"
"27","14","315","2026-09-19 21:28:21"
"28","14","316","2026-09-19 21:28:21"
"29","15","317","2026-09-19 21:28:21"
"30","15","318","2026-09-19 21:28:21"
"31","16","319","2026-09-19 21:28:21"
"32","16","320","2026-09-19 21:28:21"
"33","17","319","2026-09-19 21:28:21"
"34","17","320","2026-09-19 21:28:21"
"35","18","319","2026-09-19 21:28:21"
"36","18","320","2026-09-19 21:28:21"
"37","19","321","2026-09-19 21:28:21"
"38","19","322","2026-09-19 21:28:21"
"39","20","321","2026-09-19 21:28:21"
"40","20","322","2026-09-19 21:28:21"
"41","21","323","2026-09-19 21:28:21"
"42","21","324","2026-09-19 21:28:21"
"43","22","325","2026-09-19 21:28:21"
"44","22","326","2026-09-19 21:28:21"
"45","23","325","2026-09-19 21:28:21"
"46","23","326","2026-09-19 21:28:21"
"47","24","325","2026-09-19 21:28:21"
"48","24","326","2026-09-19 21:28:21"
"49","25","327","2026-09-19 21:28:21"
"50","25","328","2026-09-19 21:28:21"
"51","26","329","2026-09-19 21:28:21"
"52","26","330","2026-09-19 21:28:21"
"53","27","329","2026-09-19 21:28:21"
"54","27","330","2026-09-19 21:28:21"
"55","28","331","2026-09-19 21:28:21"
"56","28","332","2026-09-19 21:28:21"
"57","29","331","2026-09-19 21:28:21"
"58","29","332","2026-09-19 21:28:21"
"59","30","331","2026-09-19 21:28:21"
"60","30","332","2026-09-19 21:28:21"
"61","31","333","2026-09-19 21:28:21"
"62","31","334","2026-09-19 21:28:21"
"63","32","333","2026-09-19 21:28:21"
"64","32","334","2026-09-19 21:28:21"
"65","33","335","2026-09-19 21:28:21"
"66","33","336","2026-09-19 21:28:21"
"67","34","337","2026-09-19 21:28:21"
"68","34","338","2026-09-19 21:28:21"
"69","35","339","2026-09-19 21:28:21"
"70","35","340","2026-09-19 21:28:21"
"71","36","341","2026-09-19 21:28:21"
"72","36","342","2026-09-19 21:28:21"
"73","37","343","2026-09-19 21:28:21"
"74","37","344","2026-09-19 21:28:21"
"75","38","345","2026-09-19 21:28:21"
"76","38","346","2026-09-19 21:28:21"
"77","39","347","2026-09-19 21:28:21"
"78","39","348","2026-09-19 21:28:21"
"79","40","380","2026-09-21 21:27:20"
"80","40","381","2026-09-21 21:27:20"
"81","41","382","2026-09-21 21:27:20"
"82","41","383","2026-09-21 21:27:20"
"91","42","493","2026-09-29 20:52:38"
"id","course_id","student_id","enrolled_at"
"1","1","349","2026-09-19 21:28:21"
"2","10","349","2026-09-19 21:28:21"
"3","16","349","2026-09-19 21:28:21"
"4","22","349","2026-09-19 21:28:21"
"5","28","349","2026-09-19 21:28:21"
"8","6","350","2026-09-19 21:28:21"
"9","13","350","2026-09-19 21:28:21"
"10","19","350","2026-09-19 21:28:21"
"11","25","350","2026-09-19 21:28:21"
"12","31","350","2026-09-19 21:28:21"
"15","4","351","2026-09-19 21:28:21"
"16","10","351","2026-09-19 21:28:21"
"17","16","351","2026-09-19 21:28:21"
"18","22","351","2026-09-19 21:28:21"
"19","28","351","2026-09-19 21:28:21"
"22","6","352","2026-09-19 21:28:21"
"23","13","352","2026-09-19 21:28:21"
"24","19","352","2026-09-19 21:28:21"
"25","25","352","2026-09-19 21:28:21"
"26","31","352","2026-09-19 21:28:21"
"29","4","353","2026-09-19 21:28:21"
"30","10","353","2026-09-19 21:28:21"
"31","16","353","2026-09-19 21:28:21"
"32","22","353","2026-09-19 21:28:21"
"33","28","353","2026-09-19 21:28:21"
"36","7","354","2026-09-19 21:28:21"
"37","15","354","2026-09-19 21:28:21"
"38","20","354","2026-09-19 21:28:21"
"39","26","354","2026-09-19 21:28:21"
"40","33","354","2026-09-19 21:28:21"
"43","2","355","2026-09-19 21:28:21"
"44","15","355","2026-09-19 21:28:21"
"45","17","355","2026-09-19 21:28:21"
"46","23","355","2026-09-19 21:28:21"
"47","33","355","2026-09-19 21:28:21"
"50","5","356","2026-09-19 21:28:21"
"51","11","356","2026-09-19 21:28:21"
"52","20","356","2026-09-19 21:28:21"
"53","26","356","2026-09-19 21:28:21"
"54","29","356","2026-09-19 21:28:21"
"57","7","357","2026-09-19 21:28:21"
"58","15","357","2026-09-19 21:28:21"
"59","17","357","2026-09-19 21:28:21"
"60","23","357","2026-09-19 21:28:21"
"61","33","357","2026-09-19 21:28:21"
"64","9","358","2026-09-19 21:28:21"
"65","12","358","2026-09-19 21:28:21"
"66","21","358","2026-09-19 21:28:21"
"67","24","358","2026-09-19 21:28:21"
"68","32","358","2026-09-19 21:28:21"
"71","8","359","2026-09-19 21:28:21"
"72","14","359","2026-09-19 21:28:21"
"73","21","359","2026-09-19 21:28:21"
"74","27","359","2026-09-19 21:28:21"
"75","30","359","2026-09-19 21:28:21"
"78","9","360","2026-09-19 21:28:21"
"79","14","360","2026-09-19 21:28:21"
"80","21","360","2026-09-19 21:28:21"
"81","27","360","2026-09-19 21:28:21"
"82","32","360","2026-09-19 21:28:21"
"85","3","361","2026-09-19 21:28:21"
"86","12","361","2026-09-19 21:28:21"
"87","18","361","2026-09-19 21:28:21"
"88","24","361","2026-09-19 21:28:21"
"89","30","361","2026-09-19 21:28:21"
"92","34","362","2026-09-19 21:28:21"
"93","35","362","2026-09-19 21:28:21"
"94","36","362","2026-09-19 21:28:21"
"95","37","362","2026-09-19 21:28:21"
"96","38","362","2026-09-19 21:28:21"
"97","39","362","2026-09-19 21:28:21"
"99","34","363","2026-09-19 21:28:21"
"100","35","363","2026-09-19 21:28:21"
"101","36","363","2026-09-19 21:28:21"
"102","37","363","2026-09-19 21:28:21"
"103","38","363","2026-09-19 21:28:21"
"104","39","363","2026-09-19 21:28:21"
"106","34","364","2026-09-19 21:28:21"
"107","35","364","2026-09-19 21:28:21"
"108","36","364","2026-09-19 21:28:21"
"109","37","364","2026-09-19 21:28:21"
"110","38","364","2026-09-19 21:28:21"
"111","39","364","2026-09-19 21:28:21"
"112","16","384","2026-09-21 21:27:21"
"113","22","384","2026-09-21 21:27:21"
"114","28","384","2026-09-21 21:27:21"
"115","40","384","2026-09-21 21:27:21"
"116","41","384","2026-09-21 21:27:21"
"119","16","385","2026-09-21 21:27:21"
"120","22","385","2026-09-21 21:27:21"
"121","28","385","2026-09-21 21:27:21"
"122","40","385","2026-09-21 21:27:21"
"123","41","385","2026-09-21 21:27:21"
"126","16","386","2026-09-21 21:27:21"
"127","22","386","2026-09-21 21:27:21"
"128","28","386","2026-09-21 21:27:21"
"129","40","386","2026-09-21 21:27:21"
"130","41","386","2026-09-21 21:27:21"
"133","16","387","2026-09-21 21:27:21"
"134","22","387","2026-09-21 21:27:21"
"135","28","387","2026-09-21 21:27:21"
"136","40","387","2026-09-21 21:27:21"
"137","41","387","2026-09-21 21:27:21"
"140","16","388","2026-09-21 21:27:21"
"141","22","388","2026-09-21 21:27:21"
"142","28","388","2026-09-21 21:27:21"
"143","40","388","2026-09-21 21:27:21"
"144","41","388","2026-09-21 21:27:21"
"152","16","389","2026-09-21 21:28:06"
"153","22","389","2026-09-21 21:28:06"
"154","28","389","2026-09-21 21:28:06"
"155","40","389","2026-09-21 21:28:06"
"156","41","389","2026-09-21 21:28:06"
"159","16","390","2026-09-21 21:28:06"
"160","22","390","2026-09-21 21:28:06"
"161","28","390","2026-09-21 21:28:06"
"162","40","390","2026-09-21 21:28:06"
"163","41","390","2026-09-21 21:28:06"
"166","34","391","2026-09-21 21:28:06"
"167","35","391","2026-09-21 21:28:06"
"168","36","391","2026-09-21 21:28:06"
"169","37","391","2026-09-21 21:28:06"
"170","38","391","2026-09-21 21:28:06"
"171","39","391","2026-09-21 21:28:06"
"173","34","392","2026-09-21 21:28:06"
"174","35","392","2026-09-21 21:28:06"
"175","36","392","2026-09-21 21:28:06"
"176","37","392","2026-09-21 21:28:06"
"177","38","392","2026-09-21 21:28:06"
"178","39","392","2026-09-21 21:28:06"
"180","34","393","2026-09-21 21:28:07"
"181","35","393","2026-09-21 21:28:07"
"182","36","393","2026-09-21 21:28:07"
"183","37","393","2026-09-21 21:28:07"
"184","38","393","2026-09-21 21:28:07"
"185","39","393","2026-09-21 21:28:07"
"187","34","394","2026-09-21 21:28:07"
"188","35","394","2026-09-21 21:28:07"
"189","36","394","2026-09-21 21:28:07"
"190","37","394","2026-09-21 21:28:07"
"191","38","394","2026-09-21 21:28:07"
"192","39","394","2026-09-21 21:28:07"
"194","34","395","2026-09-21 21:28:07"
"195","35","395","2026-09-21 21:28:07"
"196","36","395","2026-09-21 21:28:07"
"197","37","395","2026-09-21 21:28:07"
"198","38","395","2026-09-21 21:28:07"
"199","39","395","2026-09-21 21:28:07"
"201","34","396","2026-09-21 21:28:07"
"202","35","396","2026-09-21 21:28:07"
"203","36","396","2026-09-21 21:28:07"
"204","37","396","2026-09-21 21:28:07"
"205","38","396","2026-09-21 21:28:07"
"206","39","396","2026-09-21 21:28:07"
"208","34","397","2026-09-21 21:28:07"
"209","35","397","2026-09-21 21:28:07"
"210","36","397","2026-09-21 21:28:07"
"211","37","397","2026-09-21 21:28:07"
"212","38","397","2026-09-21 21:28:07"
"213","39","397","2026-09-21 21:28:07"
"215","34","398","2026-09-21 21:28:07"
"216","35","398","2026-09-21 21:28:07"
"217","36","398","2026-09-21 21:28:07"
"218","37","398","2026-09-21 21:28:07"
"219","38","398","2026-09-21 21:28:07"
"220","39","398","2026-09-21 21:28:07"
"222","34","399","2026-09-21 21:28:08"
"223","35","399","2026-09-21 21:28:08"
"224","36","399","2026-09-21 21:28:08"
"225","37","399","2026-09-21 21:28:08"
"226","38","399","2026-09-21 21:28:08"
"227","39","399","2026-09-21 21:28:08"
"229","34","400","2026-09-21 21:28:08"
"230","35","400","2026-09-21 21:28:08"
"231","36","400","2026-09-21 21:28:08"
"232","37","400","2026-09-21 21:28:08"
"233","38","400","2026-09-21 21:28:08"
"234","39","400","2026-09-21 21:28:08"
"236","34","401","2026-09-21 21:28:08"
"237","35","401","2026-09-21 21:28:08"
"238","36","401","2026-09-21 21:28:08"
"239","37","401","2026-09-21 21:28:08"
"240","38","401","2026-09-21 21:28:08"
"241","39","401","2026-09-21 21:28:08"
"243","34","402","2026-09-21 21:28:08"
"244","35","402","2026-09-21 21:28:08"
"245","36","402","2026-09-21 21:28:08"
"246","37","402","2026-09-21 21:28:08"
"247","38","402","2026-09-21 21:28:08"
"248","39","402","2026-09-21 21:28:08"
"250","6","403","2026-09-21 21:28:08"
"251","13","403","2026-09-21 21:28:08"
"252","19","403","2026-09-21 21:28:08"
"253","25","403","2026-09-21 21:28:08"
"254","31","403","2026-09-21 21:28:08"
"257","2","404","2026-09-21 21:28:08"
"258","15","404","2026-09-21 21:28:08"
"259","20","404","2026-09-21 21:28:08"
"260","26","404","2026-09-21 21:28:08"
"261","33","404","2026-09-21 21:28:08"
"264","9","405","2026-09-21 21:28:08"
"265","14","405","2026-09-21 21:28:08"
"266","21","405","2026-09-21 21:28:08"
"267","27","405","2026-09-21 21:28:08"
"268","32","405","2026-09-21 21:28:08"
"271","4","406","2026-09-21 21:28:09"
"272","10","406","2026-09-21 21:28:09"
"273","19","406","2026-09-21 21:28:09"
"274","25","406","2026-09-21 21:28:09"
"275","31","406","2026-09-21 21:28:09"
"278","7","407","2026-09-21 21:28:09"
"279","15","407","2026-09-21 21:28:09"
"280","20","407","2026-09-21 21:28:09"
"281","26","407","2026-09-21 21:28:09"
"282","33","407","2026-09-21 21:28:09"
"285","9","408","2026-09-21 21:28:09"
"286","14","408","2026-09-21 21:28:09"
"287","21","408","2026-09-21 21:28:09"
"288","27","408","2026-09-21 21:28:09"
"289","32","408","2026-09-21 21:28:09"
"292","6","409","2026-09-21 21:28:09"
"293","10","409","2026-09-21 21:28:09"
"294","19","409","2026-09-21 21:28:09"
"295","25","409","2026-09-21 21:28:09"
"296","31","409","2026-09-21 21:28:09"
"299","2","410","2026-09-21 21:28:09"
"300","15","410","2026-09-21 21:28:09"
"301","20","410","2026-09-21 21:28:09"
"302","26","410","2026-09-21 21:28:09"
"303","33","410","2026-09-21 21:28:09"
"306","8","411","2026-09-21 21:28:09"
"307","14","411","2026-09-21 21:28:09"
"308","21","411","2026-09-21 21:28:09"
"309","27","411","2026-09-21 21:28:09"
"310","32","411","2026-09-21 21:28:09"
"313","4","412","2026-09-21 21:28:10"
"314","19","412","2026-09-21 21:28:10"
"315","25","412","2026-09-21 21:28:10"
"316","31","412","2026-09-21 21:28:10"
"317","41","412","2026-09-21 21:28:10"
"320","2","413","2026-09-21 21:28:10"
"321","15","413","2026-09-21 21:28:10"
"322","20","413","2026-09-21 21:28:10"
"323","26","413","2026-09-21 21:28:10"
"324","33","413","2026-09-21 21:28:10"
"327","9","414","2026-09-21 21:28:10"
"328","12","414","2026-09-21 21:28:10"
"329","21","414","2026-09-21 21:28:10"
"330","27","414","2026-09-21 21:28:10"
"331","32","414","2026-09-21 21:28:10"
"334","6","415","2026-09-21 21:28:10"
"335","13","415","2026-09-21 21:28:10"
"336","19","415","2026-09-21 21:28:10"
"337","25","415","2026-09-21 21:28:10"
"338","31","415","2026-09-21 21:28:10"
"341","5","416","2026-09-21 21:28:10"
"342","15","416","2026-09-21 21:28:10"
"343","17","416","2026-09-21 21:28:10"
"344","26","416","2026-09-21 21:28:10"
"345","33","416","2026-09-21 21:28:10"
"348","8","417","2026-09-21 21:28:10"
"349","12","417","2026-09-21 21:28:10"
"350","21","417","2026-09-21 21:28:10"
"351","27","417","2026-09-21 21:28:10"
"352","30","417","2026-09-21 21:28:10"
"355","6","418","2026-09-21 21:28:11"
"356","19","418","2026-09-21 21:28:11"
"357","25","418","2026-09-21 21:28:11"
"358","31","418","2026-09-21 21:28:11"
"359","41","418","2026-09-21 21:28:11"
"362","2","419","2026-09-21 21:28:11"
"363","15","419","2026-09-21 21:28:11"
"364","17","419","2026-09-21 21:28:11"
"365","23","419","2026-09-21 21:28:11"
"366","33","419","2026-09-21 21:28:11"
"369","9","420","2026-09-21 21:28:11"
"370","14","420","2026-09-21 21:28:11"
"371","21","420","2026-09-21 21:28:11"
"372","27","420","2026-09-21 21:28:11"
"373","30","420","2026-09-21 21:28:11"
"376","4","421","2026-09-21 21:28:11"
"377","19","421","2026-09-21 21:28:11"
"378","25","421","2026-09-21 21:28:11"
"379","31","421","2026-09-21 21:28:11"
"380","41","421","2026-09-21 21:28:11"
"383","7","422","2026-09-21 21:28:11"
"384","15","422","2026-09-21 21:28:11"
"385","17","422","2026-09-21 21:28:11"
"386","23","422","2026-09-21 21:28:11"
"387","33","422","2026-09-21 21:28:11"
"390","9","423","2026-09-21 21:28:11"
"391","12","423","2026-09-21 21:28:11"
"392","21","423","2026-09-21 21:28:11"
"393","27","423","2026-09-21 21:28:11"
"394","30","423","2026-09-21 21:28:11"
"397","6","424","2026-09-21 21:28:11"
"398","13","424","2026-09-21 21:28:11"
"399","19","424","2026-09-21 21:28:11"
"400","25","424","2026-09-21 21:28:11"
"401","31","424","2026-09-21 21:28:11"
"404","2","425","2026-09-21 21:28:12"
"405","15","425","2026-09-21 21:28:12"
"406","17","425","2026-09-21 21:28:12"
"407","23","425","2026-09-21 21:28:12"
"408","33","425","2026-09-21 21:28:12"
"411","8","426","2026-09-21 21:28:12"
"412","12","426","2026-09-21 21:28:12"
"413","21","426","2026-09-21 21:28:12"
"414","27","426","2026-09-21 21:28:12"
"415","30","426","2026-09-21 21:28:12"
"418","4","427","2026-09-21 21:28:12"
"419","19","427","2026-09-21 21:28:12"
"420","25","427","2026-09-21 21:28:12"
"421","31","427","2026-09-21 21:28:12"
"422","41","427","2026-09-21 21:28:12"
"425","2","428","2026-09-21 21:28:12"
"426","15","428","2026-09-21 21:28:12"
"427","17","428","2026-09-21 21:28:12"
"428","23","428","2026-09-21 21:28:12"
"429","33","428","2026-09-21 21:28:12"
"432","9","429","2026-09-21 21:28:12"
"433","14","429","2026-09-21 21:28:12"
"434","21","429","2026-09-21 21:28:12"
"435","27","429","2026-09-21 21:28:12"
"436","30","429","2026-09-21 21:28:12"
"439","6","430","2026-09-21 21:28:12"
"440","19","430","2026-09-21 21:28:12"
"441","25","430","2026-09-21 21:28:12"
"442","31","430","2026-09-21 21:28:12"
"443","41","430","2026-09-21 21:28:12"
"446","5","431","2026-09-21 21:28:13"
"447","11","431","2026-09-21 21:28:13"
"448","17","431","2026-09-21 21:28:13"
"449","23","431","2026-09-21 21:28:13"
"450","33","431","2026-09-21 21:28:13"
"453","8","432","2026-09-21 21:28:13"
"454","14","432","2026-09-21 21:28:13"
"455","21","432","2026-09-21 21:28:13"
"456","27","432","2026-09-21 21:28:13"
"457","30","432","2026-09-21 21:28:13"
"460","19","433","2026-09-21 21:28:13"
"461","25","433","2026-09-21 21:28:13"
"462","31","433","2026-09-21 21:28:13"
"463","40","433","2026-09-21 21:28:13"
"464","41","433","2026-09-21 21:28:13"
"467","2","434","2026-09-21 21:28:13"
"468","15","434","2026-09-21 21:28:13"
"469","17","434","2026-09-21 21:28:13"
"470","23","434","2026-09-21 21:28:13"
"471","33","434","2026-09-21 21:28:13"
"474","9","435","2026-09-21 21:28:13"
"475","12","435","2026-09-21 21:28:13"
"476","21","435","2026-09-21 21:28:13"
"477","27","435","2026-09-21 21:28:13"
"478","30","435","2026-09-21 21:28:13"
"481","6","436","2026-09-21 21:28:14"
"482","13","436","2026-09-21 21:28:14"
"483","19","436","2026-09-21 21:28:14"
"484","25","436","2026-09-21 21:28:14"
"485","31","436","2026-09-21 21:28:14"
"488","5","437","2026-09-21 21:28:14"
"489","15","437","2026-09-21 21:28:14"
"490","17","437","2026-09-21 21:28:14"
"491","23","437","2026-09-21 21:28:14"
"492","33","437","2026-09-21 21:28:14"
"495","8","438","2026-09-21 21:28:14"
"496","12","438","2026-09-21 21:28:14"
"497","21","438","2026-09-21 21:28:14"
"498","27","438","2026-09-21 21:28:14"
"499","30","438","2026-09-21 21:28:14"
"502","19","439","2026-09-21 21:28:14"
"503","25","439","2026-09-21 21:28:14"
"504","31","439","2026-09-21 21:28:14"
"505","40","439","2026-09-21 21:28:14"
"506","41","439","2026-09-21 21:28:14"
"509","2","440","2026-09-21 21:28:14"
"510","15","440","2026-09-21 21:28:14"
"511","17","440","2026-09-21 21:28:14"
"512","23","440","2026-09-21 21:28:14"
"513","33","440","2026-09-21 21:28:14"
"516","9","441","2026-09-21 21:28:15"
"517","14","441","2026-09-21 21:28:15"
"518","21","441","2026-09-21 21:28:15"
"519","27","441","2026-09-21 21:28:15"
"520","30","441","2026-09-21 21:28:15"
"523","6","442","2026-09-21 21:28:15"
"524","19","442","2026-09-21 21:28:15"
"525","25","442","2026-09-21 21:28:15"
"526","31","442","2026-09-21 21:28:15"
"527","41","442","2026-09-21 21:28:15"
"530","5","443","2026-09-21 21:28:15"
"531","11","443","2026-09-21 21:28:15"
"532","17","443","2026-09-21 21:28:15"
"533","23","443","2026-09-21 21:28:15"
"534","33","443","2026-09-21 21:28:15"
"537","8","444","2026-09-21 21:28:15"
"538","14","444","2026-09-21 21:28:15"
"539","21","444","2026-09-21 21:28:15"
"540","27","444","2026-09-21 21:28:15"
"541","30","444","2026-09-21 21:28:15"
"544","19","445","2026-09-21 21:28:15"
"545","25","445","2026-09-21 21:28:15"
"546","31","445","2026-09-21 21:28:15"
"547","40","445","2026-09-21 21:28:15"
"548","41","445","2026-09-21 21:28:15"
"551","2","446","2026-09-21 21:28:15"
"552","15","446","2026-09-21 21:28:15"
"553","17","446","2026-09-21 21:28:15"
"554","23","446","2026-09-21 21:28:15"
"555","33","446","2026-09-21 21:28:15"
"558","9","447","2026-09-21 21:28:16"
"559","12","447","2026-09-21 21:28:16"
"560","21","447","2026-09-21 21:28:16"
"561","27","447","2026-09-21 21:28:16"
"562","30","447","2026-09-21 21:28:16"
"565","6","448","2026-09-21 21:28:16"
"566","13","448","2026-09-21 21:28:16"
"567","19","448","2026-09-21 21:28:16"
"568","25","448","2026-09-21 21:28:16"
"569","31","448","2026-09-21 21:28:16"
"572","5","449","2026-09-21 21:28:16"
"573","15","449","2026-09-21 21:28:16"
"574","17","449","2026-09-21 21:28:16"
"575","23","449","2026-09-21 21:28:16"
"576","33","449","2026-09-21 21:28:16"
"579","8","450","2026-09-21 21:28:16"
"580","12","450","2026-09-21 21:28:16"
"581","21","450","2026-09-21 21:28:16"
"582","27","450","2026-09-21 21:28:16"
"583","30","450","2026-09-21 21:28:16"
"586","19","451","2026-09-21 21:28:16"
"587","25","451","2026-09-21 21:28:16"
"588","31","451","2026-09-21 21:28:16"
"589","40","451","2026-09-21 21:28:16"
"590","41","451","2026-09-21 21:28:16"
"593","2","452","2026-09-21 21:28:17"
"594","15","452","2026-09-21 21:28:17"
"595","17","452","2026-09-21 21:28:17"
"596","23","452","2026-09-21 21:28:17"
"597","33","452","2026-09-21 21:28:17"
"600","9","453","2026-09-21 21:28:17"
"601","14","453","2026-09-21 21:28:17"
"602","21","453","2026-09-21 21:28:17"
"603","27","453","2026-09-21 21:28:17"
"604","30","453","2026-09-21 21:28:17"
"607","6","454","2026-09-21 21:28:17"
"608","19","454","2026-09-21 21:28:17"
"609","25","454","2026-09-21 21:28:17"
"610","31","454","2026-09-21 21:28:17"
"611","41","454","2026-09-21 21:28:17"
"614","5","455","2026-09-21 21:28:17"
"615","11","455","2026-09-21 21:28:17"
"616","17","455","2026-09-21 21:28:17"
"617","23","455","2026-09-21 21:28:17"
"618","33","455","2026-09-21 21:28:17"
"621","8","456","2026-09-21 21:28:17"
"622","14","456","2026-09-21 21:28:17"
"623","21","456","2026-09-21 21:28:17"
"624","27","456","2026-09-21 21:28:17"
"625","30","456","2026-09-21 21:28:17"
"628","19","457","2026-09-21 21:28:18"
"629","25","457","2026-09-21 21:28:18"
"630","31","457","2026-09-21 21:28:18"
"631","40","457","2026-09-21 21:28:18"
"632","41","457","2026-09-21 21:28:18"
"635","2","458","2026-09-21 21:28:18"
"636","15","458","2026-09-21 21:28:18"
"637","17","458","2026-09-21 21:28:18"
"638","23","458","2026-09-21 21:28:18"
"639","33","458","2026-09-21 21:28:18"
"642","9","459","2026-09-21 21:28:18"
"643","12","459","2026-09-21 21:28:18"
"644","21","459","2026-09-21 21:28:18"
"645","27","459","2026-09-21 21:28:18"
"646","30","459","2026-09-21 21:28:18"
"649","6","460","2026-09-21 21:28:18"
"650","13","460","2026-09-21 21:28:18"
"651","19","460","2026-09-21 21:28:18"
"652","25","460","2026-09-21 21:28:18"
"653","31","460","2026-09-21 21:28:18"
"656","5","461","2026-09-21 21:28:18"
"657","15","461","2026-09-21 21:28:18"
"658","17","461","2026-09-21 21:28:18"
"659","23","461","2026-09-21 21:28:18"
"660","33","461","2026-09-21 21:28:18"
"663","8","462","2026-09-21 21:28:19"
"664","12","462","2026-09-21 21:28:19"
"665","21","462","2026-09-21 21:28:19"
"666","27","462","2026-09-21 21:28:19"
"667","30","462","2026-09-21 21:28:19"
"670","19","463","2026-09-21 21:28:19"
"671","25","463","2026-09-21 21:28:19"
"672","31","463","2026-09-21 21:28:19"
"673","40","463","2026-09-21 21:28:19"
"674","41","463","2026-09-21 21:28:19"
"677","2","464","2026-09-21 21:28:19"
"678","15","464","2026-09-21 21:28:19"
"679","17","464","2026-09-21 21:28:19"
"680","23","464","2026-09-21 21:28:19"
"681","33","464","2026-09-21 21:28:19"
"684","9","465","2026-09-21 21:28:19"
"685","14","465","2026-09-21 21:28:19"
"686","21","465","2026-09-21 21:28:19"
"687","27","465","2026-09-21 21:28:19"
"688","30","465","2026-09-21 21:28:19"
"691","6","466","2026-09-21 21:28:19"
"692","19","466","2026-09-21 21:28:19"
"693","25","466","2026-09-21 21:28:19"
"694","31","466","2026-09-21 21:28:19"
"695","41","466","2026-09-21 21:28:19"
"698","5","467","2026-09-21 21:28:19"
"699","11","467","2026-09-21 21:28:19"
"700","17","467","2026-09-21 21:28:19"
"701","23","467","2026-09-21 21:28:19"
"702","33","467","2026-09-21 21:28:19"
"705","8","468","2026-09-21 21:28:20"
"706","14","468","2026-09-21 21:28:20"
"707","21","468","2026-09-21 21:28:20"
"708","27","468","2026-09-21 21:28:20"
"709","30","468","2026-09-21 21:28:20"
"712","19","469","2026-09-21 21:28:20"
"713","25","469","2026-09-21 21:28:20"
"714","31","469","2026-09-21 21:28:20"
"715","40","469","2026-09-21 21:28:20"
"716","41","469","2026-09-21 21:28:20"
"719","2","470","2026-09-21 21:28:20"
"720","15","470","2026-09-21 21:28:20"
"721","17","470","2026-09-21 21:28:20"
"722","23","470","2026-09-21 21:28:20"
"723","33","470","2026-09-21 21:28:20"
"726","9","471","2026-09-21 21:28:20"
"727","12","471","2026-09-21 21:28:20"
"728","21","471","2026-09-21 21:28:20"
"729","27","471","2026-09-21 21:28:20"
"730","30","471","2026-09-21 21:28:20"
"733","6","472","2026-09-21 21:28:20"
"734","13","472","2026-09-21 21:28:20"
"735","19","472","2026-09-21 21:28:20"
"736","25","472","2026-09-21 21:28:20"
"737","31","472","2026-09-21 21:28:20"
"740","5","473","2026-09-21 21:28:20"
"741","15","473","2026-09-21 21:28:20"
"742","17","473","2026-09-21 21:28:20"
"743","23","473","2026-09-21 21:28:20"
"744","33","473","2026-09-21 21:28:20"
"747","8","474","2026-09-21 21:28:21"
"748","12","474","2026-09-21 21:28:21"
"749","21","474","2026-09-21 21:28:21"
"750","27","474","2026-09-21 21:28:21"
"751","30","474","2026-09-21 21:28:21"
"754","19","475","2026-09-21 21:28:21"
"755","25","475","2026-09-21 21:28:21"
"756","31","475","2026-09-21 21:28:21"
"757","40","475","2026-09-21 21:28:21"
"758","41","475","2026-09-21 21:28:21"
"768","42","495","2026-09-29 20:55:41"
"id","submission_id","assistant_id","grade","feedback","correction_file_name","correction_stored_name","correction_file_path","graded_at","updated_at"
"1","8","281","15.00","Excellent work! Well presented answers.",NULL,NULL,NULL,"2026-09-19 21:28:21","2026-09-19 21:28:21"
"2","10","281","50.00","Excellent work! Well presented answers.",NULL,NULL,NULL,"2026-09-19 21:28:21","2026-09-19 21:28:21"
"3","14","282","15.00","Excellent work! Well presented answers.",NULL,NULL,NULL,"2026-09-19 21:28:21","2026-09-19 21:28:21"
"4","16","282","45.00","Excellent work! Well presented answers.",NULL,NULL,NULL,"2026-09-19 21:28:21","2026-09-19 21:28:21"
"5","18","283","20.00","Excellent work! Well presented answers.",NULL,NULL,NULL,"2026-09-19 21:28:21","2026-09-19 21:28:21"
"6","20","283","40.00","Excellent work! Well presented answers.",NULL,NULL,NULL,"2026-09-19 21:28:21","2026-09-19 21:28:21"
"7","24","284","20.00","Excellent work! Well presented answers.",NULL,NULL,NULL,"2026-09-19 21:28:21","2026-09-19 21:28:21"
"8","26","284","38.00","Excellent work! Well presented answers.",NULL,NULL,NULL,"2026-09-19 21:28:21","2026-09-19 21:28:21"
"9","28","285","16.00","Excellent work! Well presented answers.",NULL,NULL,NULL,"2026-09-19 21:28:21","2026-09-19 21:28:21"
"10","31","285","37.00","Excellent work! Well presented answers.",NULL,NULL,NULL,"2026-09-19 21:28:21","2026-09-19 21:28:21"
"11","36","285","18.00","Excellent work! Well presented answers.",NULL,NULL,NULL,"2026-09-19 21:28:21","2026-09-19 21:28:21"
"12","38","285","40.00","Excellent work! Well presented answers.",NULL,NULL,NULL,"2026-09-19 21:28:21","2026-09-19 21:28:21"
"13","40","286","19.00","Excellent work! Well presented answers.",NULL,NULL,NULL,"2026-09-19 21:28:21","2026-09-19 21:28:21"
"14","42","286","43.00","Excellent work! Well presented answers.",NULL,NULL,NULL,"2026-09-19 21:28:21","2026-09-19 21:28:21"
"15","44","286","18.00","Excellent work! Well presented answers.",NULL,NULL,NULL,"2026-09-19 21:28:21","2026-09-19 21:28:21"
"16","46","286","35.00","Excellent work! Well presented answers.",NULL,NULL,NULL,"2026-09-19 21:28:21","2026-09-19 21:28:21"
"17","48","287","20.00","Excellent work! Well presented answers.",NULL,NULL,NULL,"2026-09-19 21:28:21","2026-09-19 21:28:21"
"18","51","287","35.00","Excellent work! Well presented answers.",NULL,NULL,NULL,"2026-09-19 21:28:21","2026-09-19 21:28:21"
"19","54","288","14.00","Excellent work! Well presented answers.",NULL,NULL,NULL,"2026-09-19 21:28:21","2026-09-19 21:28:21"
"20","57","288","42.00","Excellent work! Well presented answers.",NULL,NULL,NULL,"2026-09-19 21:28:21","2026-09-19 21:28:21"
"21","60","288","16.00","Excellent work! Well presented answers.",NULL,NULL,NULL,"2026-09-19 21:28:21","2026-09-19 21:28:21"
"22","62","288","40.00","Excellent work! Well presented answers.",NULL,NULL,NULL,"2026-09-19 21:28:21","2026-09-19 21:28:21"
"23","66","289","16.00","Excellent work! Well presented answers.",NULL,NULL,NULL,"2026-09-19 21:28:21","2026-09-19 21:28:21"
"24","68","289","49.00","Excellent work! Well presented answers.",NULL,NULL,NULL,"2026-09-19 21:28:21","2026-09-19 21:28:21"
"25","70","289","15.00","Excellent work! Well presented answers.",NULL,NULL,NULL,"2026-09-19 21:28:21","2026-09-19 21:28:21"
"26","72","289","45.00","Excellent work! Well presented answers.",NULL,NULL,NULL,"2026-09-19 21:28:21","2026-09-19 21:28:21"
"27","74","290","19.00","Excellent work! Well presented answers.",NULL,NULL,NULL,"2026-09-19 21:28:21","2026-09-19 21:28:21"
"28","77","290","43.00","Excellent work! Well presented answers.",NULL,NULL,NULL,"2026-09-19 21:28:21","2026-09-19 21:28:21"
"29","80","291","19.00","Excellent work! Well presented answers.",NULL,NULL,NULL,"2026-09-19 21:28:21","2026-09-19 21:28:21"
"30","83","291","40.00","Excellent work! Well presented answers.",NULL,NULL,NULL,"2026-09-19 21:28:21","2026-09-19 21:28:21"
"31","86","291","14.00","Excellent work! Well presented answers.",NULL,NULL,NULL,"2026-09-19 21:28:21","2026-09-19 21:28:21"
"32","88","291","39.00","Excellent work! Well presented answers.",NULL,NULL,NULL,"2026-09-19 21:28:21","2026-09-19 21:28:21"
"33","90","291","18.00","Excellent work! Well presented answers.",NULL,NULL,NULL,"2026-09-19 21:28:21","2026-09-19 21:28:21"
"34","92","291","45.00","Excellent work! Well presented answers.",NULL,NULL,NULL,"2026-09-19 21:28:21","2026-09-19 21:28:21"
"35","94","292","20.00","Excellent work! Well presented answers.",NULL,NULL,NULL,"2026-09-19 21:28:21","2026-09-19 21:28:21"
"36","96","292","40.00","Excellent work! Well presented answers.",NULL,NULL,NULL,"2026-09-19 21:28:21","2026-09-19 21:28:21"
"37","98","293","14.00","Excellent work! Well presented answers.",NULL,NULL,NULL,"2026-09-19 21:28:21","2026-09-19 21:28:21"
"38","100","293","49.00","Excellent work! Well presented answers.",NULL,NULL,NULL,"2026-09-19 21:28:22","2026-09-19 21:28:22"
"39","102","293","14.00","Excellent work! Well presented answers.",NULL,NULL,NULL,"2026-09-19 21:28:22","2026-09-19 21:28:22"
"40","104","293","38.00","Excellent work! Well presented answers.",NULL,NULL,NULL,"2026-09-19 21:28:22","2026-09-19 21:28:22"
"41","106","294","20.00","Excellent work! Well presented answers.",NULL,NULL,NULL,"2026-09-19 21:28:22","2026-09-19 21:28:22"
"42","109","294","46.00","Excellent work! Well presented answers.",NULL,NULL,NULL,"2026-09-19 21:28:22","2026-09-19 21:28:22"
"43","114","294","14.00","Excellent work! Well presented answers.",NULL,NULL,NULL,"2026-09-19 21:28:22","2026-09-19 21:28:22"
"44","116","294","47.00","Excellent work! Well presented answers.",NULL,NULL,NULL,"2026-09-19 21:28:22","2026-09-19 21:28:22"
"45","118","295","20.00","Excellent work! Well presented answers.",NULL,NULL,NULL,"2026-09-19 21:28:22","2026-09-19 21:28:22"
"46","120","295","46.00","Excellent work! Well presented answers.",NULL,NULL,NULL,"2026-09-19 21:28:22","2026-09-19 21:28:22"
"47","122","295","15.00","Excellent work! Well presented answers.",NULL,NULL,NULL,"2026-09-19 21:28:22","2026-09-19 21:28:22"
"48","124","295","45.00","Excellent work! Well presented answers.",NULL,NULL,NULL,"2026-09-19 21:28:22","2026-09-19 21:28:22"
"49","126","296","18.00","Excellent work! Well presented answers.",NULL,NULL,NULL,"2026-09-19 21:28:22","2026-09-19 21:28:22"
"50","129","296","35.00","Excellent work! Well presented answers.",NULL,NULL,NULL,"2026-09-19 21:28:22","2026-09-19 21:28:22"
"51","132","297","15.00","Excellent work! Well presented answers.",NULL,NULL,NULL,"2026-09-19 21:28:22","2026-09-19 21:28:22"
"52","135","297","46.00","Excellent work! Well presented answers.",NULL,NULL,NULL,"2026-09-19 21:28:22","2026-09-19 21:28:22"
"53","138","298","14.00","Excellent work! Well presented answers.",NULL,NULL,NULL,"2026-09-19 21:28:22","2026-09-19 21:28:22"
"54","141","298","50.00","Excellent work! Well presented answers.",NULL,NULL,NULL,"2026-09-19 21:28:22","2026-09-19 21:28:22"
"55","144","299","16.00","Excellent work! Well presented answers.",NULL,NULL,NULL,"2026-09-19 21:28:22","2026-09-19 21:28:22"
"56","147","299","46.00","Excellent work! Well presented answers.",NULL,NULL,NULL,"2026-09-19 21:28:22","2026-09-19 21:28:22"
"57","150","300","14.00","Excellent work! Well presented answers.",NULL,NULL,NULL,"2026-09-19 21:28:22","2026-09-19 21:28:22"
"58","153","300","50.00","Excellent work! Well presented answers.",NULL,NULL,NULL,"2026-09-19 21:28:22","2026-09-19 21:28:22"
"59","156","301","15.00","Excellent work! Well presented answers.",NULL,NULL,NULL,"2026-09-19 21:28:22","2026-09-19 21:28:22"
"60","159","301","50.00","Excellent work! Well presented answers.",NULL,NULL,NULL,"2026-09-19 21:28:22","2026-09-19 21:28:22"
"61","162","302","18.00","Excellent work! Well presented answers.",NULL,NULL,NULL,"2026-09-19 21:28:22","2026-09-19 21:28:22"
"62","165","302","43.00","Excellent work! Well presented answers.",NULL,NULL,NULL,"2026-09-19 21:28:22","2026-09-19 21:28:22"
"63","167","380","88.50","Well done! Good answers.",NULL,NULL,NULL,"2026-09-21 21:29:47","2026-09-21 21:29:47"
"64","168","380","95.00","Excellent work! Well presented answers.",NULL,NULL,NULL,"2026-09-21 21:29:47","2026-09-21 21:29:47"
"65","169","378","92.00","Great analysis and grammar.",NULL,NULL,NULL,"2026-09-21 21:29:47","2026-09-21 21:29:47"
"66","173","378","85.00","Good job.",NULL,NULL,NULL,"2026-09-21 21:29:47","2026-09-21 21:29:47"
"67","174","382","70.00","Initial score pending recheck.",NULL,NULL,NULL,"2026-09-21 21:29:47","2026-09-21 21:29:47"
"68","177","303","17.00","Good attempt. Needs teacher review.",NULL,NULL,NULL,"2026-09-21 21:28:21","2026-09-21 21:28:21"
"69","178","280","18.40","Excellent work! Well presented answers.",NULL,NULL,NULL,"2026-09-21 21:28:21","2026-09-21 21:28:21"
"70","180","303","42.50","Good attempt. Needs teacher review.",NULL,NULL,NULL,"2026-09-21 21:28:21","2026-09-21 21:28:21"
"71","181","280","46.00","Excellent work! Well presented answers.",NULL,NULL,NULL,"2026-09-21 21:28:21","2026-09-21 21:28:21"
"72","184","303","17.00","Good attempt. Needs teacher review.",NULL,NULL,NULL,"2026-09-21 21:28:21","2026-09-21 21:28:21"
"73","185","280","18.40","Excellent work! Well presented answers.",NULL,NULL,NULL,"2026-09-21 21:28:21","2026-09-21 21:28:21"
"74","186","305","17.00","Good attempt. Needs teacher review.",NULL,NULL,NULL,"2026-09-21 21:28:21","2026-09-21 21:28:21"
"75","187","281","18.40","Excellent work! Well presented answers.",NULL,NULL,NULL,"2026-09-21 21:28:21","2026-09-21 21:28:21"
"76","188","305","42.50","Good attempt. Needs teacher review.",NULL,NULL,NULL,"2026-09-21 21:28:21","2026-09-21 21:28:21"
"77","189","281","46.00","Excellent work! Well presented answers.",NULL,NULL,NULL,"2026-09-21 21:28:21","2026-09-21 21:28:21"
"78","191","305","17.00","Good attempt. Needs teacher review.",NULL,NULL,NULL,"2026-09-21 21:28:21","2026-09-21 21:28:21"
"79","192","281","18.40","Excellent work! Well presented answers.",NULL,NULL,NULL,"2026-09-21 21:28:21","2026-09-21 21:28:21"
"80","194","305","42.50","Good attempt. Needs teacher review.",NULL,NULL,NULL,"2026-09-21 21:28:21","2026-09-21 21:28:21"
"81","195","281","46.00","Excellent work! Well presented answers.",NULL,NULL,NULL,"2026-09-21 21:28:21","2026-09-21 21:28:21"
"82","196","307","17.00","Good attempt. Needs teacher review.",NULL,NULL,NULL,"2026-09-21 21:28:21","2026-09-21 21:28:21"
"83","197","282","18.40","Excellent work! Well presented answers.",NULL,NULL,NULL,"2026-09-21 21:28:21","2026-09-21 21:28:21"
"84","198","307","42.50","Good attempt. Needs teacher review.",NULL,NULL,NULL,"2026-09-21 21:28:21","2026-09-21 21:28:21"
"85","199","282","46.00","Excellent work! Well presented answers.",NULL,NULL,NULL,"2026-09-21 21:28:21","2026-09-21 21:28:21"
"86","200","309","17.00","Good attempt. Needs teacher review.",NULL,NULL,NULL,"2026-09-21 21:28:21","2026-09-21 21:28:21"
"87","201","283","18.40","Excellent work! Well presented answers.",NULL,NULL,NULL,"2026-09-21 21:28:21","2026-09-21 21:28:21"
"88","202","309","42.50","Good attempt. Needs teacher review.",NULL,NULL,NULL,"2026-09-21 21:28:21","2026-09-21 21:28:21"
"89","203","283","46.00","Excellent work! Well presented answers.",NULL,NULL,NULL,"2026-09-21 21:28:21","2026-09-21 21:28:21"
"90","205","309","17.00","Good attempt. Needs teacher review.",NULL,NULL,NULL,"2026-09-21 21:28:21","2026-09-21 21:28:21"
"91","206","283","18.40","Excellent work! Well presented answers.",NULL,NULL,NULL,"2026-09-21 21:28:21","2026-09-21 21:28:21"
"92","208","309","42.50","Good attempt. Needs teacher review.",NULL,NULL,NULL,"2026-09-21 21:28:21","2026-09-21 21:28:21"
"93","209","283","46.00","Excellent work! Well presented answers.",NULL,NULL,NULL,"2026-09-21 21:28:21","2026-09-21 21:28:21"
"94","210","311","17.00","Good attempt. Needs teacher review.",NULL,NULL,NULL,"2026-09-21 21:28:21","2026-09-21 21:28:21"
"95","211","284","18.40","Excellent work! Well presented answers.",NULL,NULL,NULL,"2026-09-21 21:28:21","2026-09-21 21:28:21"
"96","212","311","42.50","Good attempt. Needs teacher review.",NULL,NULL,NULL,"2026-09-21 21:28:21","2026-09-21 21:28:21"
"97","213","284","46.00","Excellent work! Well presented answers.",NULL,NULL,NULL,"2026-09-21 21:28:21","2026-09-21 21:28:21"
"98","214","285","18.40","Excellent work! Well presented answers.",NULL,NULL,NULL,"2026-09-21 21:28:21","2026-09-21 21:28:21"
"99","215","285","46.00","Excellent work! Well presented answers.",NULL,NULL,NULL,"2026-09-21 21:28:21","2026-09-21 21:28:21"
"100","217","313","17.00","Good attempt. Needs teacher review.",NULL,NULL,NULL,"2026-09-21 21:28:21","2026-09-21 21:28:21"
"101","218","285","18.40","Excellent work! Well presented answers.",NULL,NULL,NULL,"2026-09-21 21:28:21","2026-09-21 21:28:21"
"102","220","313","42.50","Good attempt. Needs teacher review.",NULL,NULL,NULL,"2026-09-21 21:28:21","2026-09-21 21:28:21"
"103","221","285","46.00","Excellent work! Well presented answers.",NULL,NULL,NULL,"2026-09-21 21:28:21","2026-09-21 21:28:21"
"104","222","313","17.00","Good attempt. Needs teacher review.",NULL,NULL,NULL,"2026-09-21 21:28:21","2026-09-21 21:28:21"
"105","223","285","18.40","Excellent work! Well presented answers.",NULL,NULL,NULL,"2026-09-21 21:28:21","2026-09-21 21:28:21"
"106","224","313","42.50","Good attempt. Needs teacher review.",NULL,NULL,NULL,"2026-09-21 21:28:21","2026-09-21 21:28:21"
"107","225","285","46.00","Excellent work! Well presented answers.",NULL,NULL,NULL,"2026-09-21 21:28:21","2026-09-21 21:28:21"
"108","226","315","17.00","Good attempt. Needs teacher review.",NULL,NULL,NULL,"2026-09-21 21:28:21","2026-09-21 21:28:21"
"109","227","286","18.40","Excellent work! Well presented answers.",NULL,NULL,NULL,"2026-09-21 21:28:21","2026-09-21 21:28:21"
"110","228","315","42.50","Good attempt. Needs teacher review.",NULL,NULL,NULL,"2026-09-21 21:28:21","2026-09-21 21:28:21"
"111","229","286","46.00","Excellent work! Well presented answers.",NULL,NULL,NULL,"2026-09-21 21:28:21","2026-09-21 21:28:21"
"112","230","315","17.00","Good attempt. Needs teacher review.",NULL,NULL,NULL,"2026-09-21 21:28:21","2026-09-21 21:28:21"
"113","231","286","18.40","Excellent work! Well presented answers.",NULL,NULL,NULL,"2026-09-21 21:28:21","2026-09-21 21:28:21"
"114","232","315","42.50","Good attempt. Needs teacher review.",NULL,NULL,NULL,"2026-09-21 21:28:21","2026-09-21 21:28:21"
"115","233","286","46.00","Excellent work! Well presented answers.",NULL,NULL,NULL,"2026-09-21 21:28:21","2026-09-21 21:28:21"
"116","234","287","18.40","Excellent work! Well presented answers.",NULL,NULL,NULL,"2026-09-21 21:28:21","2026-09-21 21:28:21"
"117","235","287","46.00","Excellent work! Well presented answers.",NULL,NULL,NULL,"2026-09-21 21:28:21","2026-09-21 21:28:21"
"118","236","288","18.40","Excellent work! Well presented answers.",NULL,NULL,NULL,"2026-09-21 21:28:21","2026-09-21 21:28:21"
"119","237","288","46.00","Excellent work! Well presented answers.",NULL,NULL,NULL,"2026-09-21 21:28:21","2026-09-21 21:28:21"
"120","238","319","17.00","Good attempt. Needs teacher review.",NULL,NULL,NULL,"2026-09-21 21:28:21","2026-09-21 21:28:21"
"121","239","288","18.40","Excellent work! Well presented answers.",NULL,NULL,NULL,"2026-09-21 21:28:21","2026-09-21 21:28:21"
"122","240","319","42.50","Good attempt. Needs teacher review.",NULL,NULL,NULL,"2026-09-21 21:28:22","2026-09-21 21:28:22"
"123","241","288","46.00","Excellent work! Well presented answers.",NULL,NULL,NULL,"2026-09-21 21:28:22","2026-09-21 21:28:22"
"124","242","321","17.00","Good attempt. Needs teacher review.",NULL,NULL,NULL,"2026-09-21 21:28:22","2026-09-21 21:28:22"
"125","243","289","18.40","Excellent work! Well presented answers.",NULL,NULL,NULL,"2026-09-21 21:28:22","2026-09-21 21:28:22"
"126","244","321","42.50","Good attempt. Needs teacher review.",NULL,NULL,NULL,"2026-09-21 21:28:22","2026-09-21 21:28:22"
"127","245","289","46.00","Excellent work! Well presented answers.",NULL,NULL,NULL,"2026-09-21 21:28:22","2026-09-21 21:28:22"
"128","246","321","17.00","Good attempt. Needs teacher review.",NULL,NULL,NULL,"2026-09-21 21:28:22","2026-09-21 21:28:22"
"129","247","289","18.40","Excellent work! Well presented answers.",NULL,NULL,NULL,"2026-09-21 21:28:22","2026-09-21 21:28:22"
"130","248","321","42.50","Good attempt. Needs teacher review.",NULL,NULL,NULL,"2026-09-21 21:28:22","2026-09-21 21:28:22"
"131","249","289","46.00","Excellent work! Well presented answers.",NULL,NULL,NULL,"2026-09-21 21:28:22","2026-09-21 21:28:22"
"132","250","290","18.40","Excellent work! Well presented answers.",NULL,NULL,NULL,"2026-09-21 21:28:22","2026-09-21 21:28:22"
"133","251","290","46.00","Excellent work! Well presented answers.",NULL,NULL,NULL,"2026-09-21 21:28:22","2026-09-21 21:28:22"
"134","252","291","18.40","Excellent work! Well presented answers.",NULL,NULL,NULL,"2026-09-21 21:28:22","2026-09-21 21:28:22"
"135","253","291","46.00","Excellent work! Well presented answers.",NULL,NULL,NULL,"2026-09-21 21:28:22","2026-09-21 21:28:22"
"136","254","325","17.00","Good attempt. Needs teacher review.",NULL,NULL,NULL,"2026-09-21 21:28:22","2026-09-21 21:28:22"
"137","255","291","18.40","Excellent work! Well presented answers.",NULL,NULL,NULL,"2026-09-21 21:28:22","2026-09-21 21:28:22"
"138","256","325","42.50","Good attempt. Needs teacher review.",NULL,NULL,NULL,"2026-09-21 21:28:22","2026-09-21 21:28:22"
"139","257","291","46.00","Excellent work! Well presented answers.",NULL,NULL,NULL,"2026-09-21 21:28:22","2026-09-21 21:28:22"
"140","258","327","17.00","Good attempt. Needs teacher review.",NULL,NULL,NULL,"2026-09-21 21:28:22","2026-09-21 21:28:22"
"141","259","292","18.40","Excellent work! Well presented answers.",NULL,NULL,NULL,"2026-09-21 21:28:22","2026-09-21 21:28:22"
"142","260","327","42.50","Good attempt. Needs teacher review.",NULL,NULL,NULL,"2026-09-21 21:28:22","2026-09-21 21:28:22"
"143","261","292","46.00","Excellent work! Well presented answers.",NULL,NULL,NULL,"2026-09-21 21:28:22","2026-09-21 21:28:22"
"144","262","329","17.00","Good attempt. Needs teacher review.",NULL,NULL,NULL,"2026-09-21 21:28:22","2026-09-21 21:28:22"
"145","263","293","18.40","Excellent work! Well presented answers.",NULL,NULL,NULL,"2026-09-21 21:28:22","2026-09-21 21:28:22"
"146","264","329","42.50","Good attempt. Needs teacher review.",NULL,NULL,NULL,"2026-09-21 21:28:22","2026-09-21 21:28:22"
"147","265","293","46.00","Excellent work! Well presented answers.",NULL,NULL,NULL,"2026-09-21 21:28:22","2026-09-21 21:28:22"
"148","266","329","17.00","Good attempt. Needs teacher review.",NULL,NULL,NULL,"2026-09-21 21:28:22","2026-09-21 21:28:22"
"149","267","293","18.40","Excellent work! Well presented answers.",NULL,NULL,NULL,"2026-09-21 21:28:22","2026-09-21 21:28:22"
"150","268","329","42.50","Good attempt. Needs teacher review.",NULL,NULL,NULL,"2026-09-21 21:28:22","2026-09-21 21:28:22"
"151","269","293","46.00","Excellent work! Well presented answers.",NULL,NULL,NULL,"2026-09-21 21:28:22","2026-09-21 21:28:22"
"152","270","294","18.40","Excellent work! Well presented answers.",NULL,NULL,NULL,"2026-09-21 21:28:22","2026-09-21 21:28:22"
"153","271","294","46.00","Excellent work! Well presented answers.",NULL,NULL,NULL,"2026-09-21 21:28:22","2026-09-21 21:28:22"
"154","272","331","17.00","Good attempt. Needs teacher review.",NULL,NULL,NULL,"2026-09-21 21:28:22","2026-09-21 21:28:22"
"155","273","294","18.40","Excellent work! Well presented answers.",NULL,NULL,NULL,"2026-09-21 21:28:22","2026-09-21 21:28:22"
"156","274","331","42.50","Good attempt. Needs teacher review.",NULL,NULL,NULL,"2026-09-21 21:28:22","2026-09-21 21:28:22"
"157","275","294","46.00","Excellent work! Well presented answers.",NULL,NULL,NULL,"2026-09-21 21:28:22","2026-09-21 21:28:22"
"158","276","333","17.00","Good attempt. Needs teacher review.",NULL,NULL,NULL,"2026-09-21 21:28:22","2026-09-21 21:28:22"
"159","277","295","18.40","Excellent work! Well presented answers.",NULL,NULL,NULL,"2026-09-21 21:28:22","2026-09-21 21:28:22"
"160","278","333","42.50","Good attempt. Needs teacher review.",NULL,NULL,NULL,"2026-09-21 21:28:22","2026-09-21 21:28:22"
"161","279","295","46.00","Excellent work! Well presented answers.",NULL,NULL,NULL,"2026-09-21 21:28:22","2026-09-21 21:28:22"
"162","280","333","17.00","Good attempt. Needs teacher review.",NULL,NULL,NULL,"2026-09-21 21:28:22","2026-09-21 21:28:22"
"163","281","295","18.40","Excellent work! Well presented answers.",NULL,NULL,NULL,"2026-09-21 21:28:22","2026-09-21 21:28:22"
"164","282","333","42.50","Good attempt. Needs teacher review.",NULL,NULL,NULL,"2026-09-21 21:28:22","2026-09-21 21:28:22"
"165","283","295","46.00","Excellent work! Well presented answers.",NULL,NULL,NULL,"2026-09-21 21:28:22","2026-09-21 21:28:22"
"166","284","296","18.40","Excellent work! Well presented answers.",NULL,NULL,NULL,"2026-09-21 21:28:22","2026-09-21 21:28:22"
"167","285","296","46.00","Excellent work! Well presented answers.",NULL,NULL,NULL,"2026-09-21 21:28:22","2026-09-21 21:28:22"
"168","286","297","18.40","Excellent work! Well presented answers.",NULL,NULL,NULL,"2026-09-21 21:28:22","2026-09-21 21:28:22"
"169","287","297","46.00","Excellent work! Well presented answers.",NULL,NULL,NULL,"2026-09-21 21:28:22","2026-09-21 21:28:22"
"170","288","298","18.40","Excellent work! Well presented answers.",NULL,NULL,NULL,"2026-09-21 21:28:22","2026-09-21 21:28:22"
"171","289","298","46.00","Excellent work! Well presented answers.",NULL,NULL,NULL,"2026-09-21 21:28:22","2026-09-21 21:28:22"
"172","290","299","18.40","Excellent work! Well presented answers.",NULL,NULL,NULL,"2026-09-21 21:28:22","2026-09-21 21:28:22"
"173","291","299","46.00","Excellent work! Well presented answers.",NULL,NULL,NULL,"2026-09-21 21:28:22","2026-09-21 21:28:22"
"174","292","300","18.40","Excellent work! Well presented answers.",NULL,NULL,NULL,"2026-09-21 21:28:22","2026-09-21 21:28:22"
"175","293","300","46.00","Excellent work! Well presented answers.",NULL,NULL,NULL,"2026-09-21 21:28:22","2026-09-21 21:28:22"
"176","294","301","18.40","Excellent work! Well presented answers.",NULL,NULL,NULL,"2026-09-21 21:28:22","2026-09-21 21:28:22"
"177","295","301","46.00","Excellent work! Well presented answers.",NULL,NULL,NULL,"2026-09-21 21:28:22","2026-09-21 21:28:22"
"178","296","302","18.40","Excellent work! Well presented answers.",NULL,NULL,NULL,"2026-09-21 21:28:22","2026-09-21 21:28:22"
"179","297","302","46.00","Excellent work! Well presented answers.",NULL,NULL,NULL,"2026-09-21 21:28:22","2026-09-21 21:28:22"
"180","299","380","85.00","Good attempt. Needs teacher review.",NULL,NULL,NULL,"2026-09-21 21:28:22","2026-09-21 21:28:22"
"181","300","378","92.00","Excellent work! Well presented answers.",NULL,NULL,NULL,"2026-09-21 21:28:22","2026-09-21 21:28:22"
"182","302","382","85.00","Good attempt. Needs teacher review.",NULL,NULL,NULL,"2026-09-21 21:28:22","2026-09-21 21:28:22"
"183","303","379","92.00","Excellent work! Well presented answers.",NULL,NULL,NULL,"2026-09-21 21:28:22","2026-09-21 21:28:22"
"184","306","382","85.00","Good attempt. Needs teacher review.",NULL,NULL,NULL,"2026-09-21 21:28:22","2026-09-21 21:28:22"
"185","307","379","92.00","Excellent work! Well presented answers.",NULL,NULL,NULL,"2026-09-21 21:28:22","2026-09-21 21:28:22"
"191","308","493","20.25","ok from me",NULL,NULL,NULL,"2026-09-29 22:14:33","2026-09-29 22:14:33"
"192","313","493","12.00",,NULL,NULL,NULL,"2026-09-29 22:39:33","2026-09-29 22:39:33"
"id","user_id","title","message","type","reference_id","is_read","created_at"
"1","355","New Assignment Posted","A new assignment 'Algebra Homework - Chapter 1' was posted in Arabic (2nd Prep). No Deadline (Open-ended).","assignment","79","0","2026-09-20 20:30:29"
"2","378","Evaluation Pending Review","Assistant Eng. Karim Hesham evaluated submission. Pending your approval.","submission","167","0","2026-09-21 21:28:06"
"3","385","Assignment Graded & Published","Your grade for Reading Comprehension Practice has been published: 95 / 100.","grade","80","0","2026-09-21 21:28:06"
"4","382","Recheck Requested","Teacher Ms. Nelly Karim requested a recheck: Please re-verify question 3 marks.","recheck","174","0","2026-09-21 21:28:06"
"5","280","Evaluation Pending Review","Assistant evaluated submission. Pending your approval.","submission","177","0","2026-09-21 21:28:21"
"6","413","Assignment Graded & Published","Your grade has been published: 18.4 / 20.","grade","3","0","2026-09-21 21:28:21"
"7","280","Evaluation Pending Review","Assistant evaluated submission. Pending your approval.","submission","180","0","2026-09-21 21:28:21"
"8","413","Assignment Graded & Published","Your grade has been published: 46 / 50.","grade","4","0","2026-09-21 21:28:21"
"9","280","Evaluation Pending Review","Assistant evaluated submission. Pending your approval.","submission","184","0","2026-09-21 21:28:21"
"10","413","Assignment Graded & Published","Your grade has been published: 18.4 / 20.","grade","79","0","2026-09-21 21:28:21"
"11","281","Evaluation Pending Review","Assistant evaluated submission. Pending your approval.","submission","186","0","2026-09-21 21:28:21"
"12","412","Assignment Graded & Published","Your grade has been published: 18.4 / 20.","grade","7","0","2026-09-21 21:28:21"
"13","281","Evaluation Pending Review","Assistant evaluated submission. Pending your approval.","submission","188","0","2026-09-21 21:28:21"
"14","412","Assignment Graded & Published","Your grade has been published: 46 / 50.","grade","8","0","2026-09-21 21:28:21"
"15","281","Evaluation Pending Review","Assistant evaluated submission. Pending your approval.","submission","191","0","2026-09-21 21:28:21"
"16","437","Assignment Graded & Published","Your grade has been published: 18.4 / 20.","grade","9","0","2026-09-21 21:28:21"
"17","281","Evaluation Pending Review","Assistant evaluated submission. Pending your approval.","submission","194","0","2026-09-21 21:28:21"
"18","437","Assignment Graded & Published","Your grade has been published: 46 / 50.","grade","10","0","2026-09-21 21:28:21"
"19","282","Evaluation Pending Review","Assistant evaluated submission. Pending your approval.","submission","196","0","2026-09-21 21:28:21"
"20","409","Assignment Graded & Published","Your grade has been published: 18.4 / 20.","grade","11","0","2026-09-21 21:28:21"
"21","282","Evaluation Pending Review","Assistant evaluated submission. Pending your approval.","submission","198","0","2026-09-21 21:28:21"
"22","409","Assignment Graded & Published","Your grade has been published: 46 / 50.","grade","12","0","2026-09-21 21:28:21"
"23","283","Evaluation Pending Review","Assistant evaluated submission. Pending your approval.","submission","200","0","2026-09-21 21:28:21"
"24","422","Assignment Graded & Published","Your grade has been published: 18.4 / 20.","grade","13","0","2026-09-21 21:28:21"
"25","283","Evaluation Pending Review","Assistant evaluated submission. Pending your approval.","submission","202","0","2026-09-21 21:28:21"
"26","422","Assignment Graded & Published","Your grade has been published: 46 / 50.","grade","14","0","2026-09-21 21:28:21"
"27","283","Evaluation Pending Review","Assistant evaluated submission. Pending your approval.","submission","205","0","2026-09-21 21:28:21"
"28","426","Assignment Graded & Published","Your grade has been published: 18.4 / 20.","grade","15","0","2026-09-21 21:28:21"
"29","283","Evaluation Pending Review","Assistant evaluated submission. Pending your approval.","submission","208","0","2026-09-21 21:28:21"
"30","426","Assignment Graded & Published","Your grade has been published: 46 / 50.","grade","16","0","2026-09-21 21:28:21"
"31","284","Evaluation Pending Review","Assistant evaluated submission. Pending your approval.","submission","210","0","2026-09-21 21:28:21"
"32","408","Assignment Graded & Published","Your grade has been published: 18.4 / 20.","grade","17","0","2026-09-21 21:28:21"
"33","284","Evaluation Pending Review","Assistant evaluated submission. Pending your approval.","submission","212","0","2026-09-21 21:28:21"
"34","408","Assignment Graded & Published","Your grade has been published: 46 / 50.","grade","18","0","2026-09-21 21:28:21"
"35","406","Assignment Graded & Published","Your grade has been published: 18.4 / 20.","grade","19","0","2026-09-21 21:28:21"
"36","406","Assignment Graded & Published","Your grade has been published: 46 / 50.","grade","20","0","2026-09-21 21:28:21"
"37","285","Evaluation Pending Review","Assistant evaluated submission. Pending your approval.","submission","217","0","2026-09-21 21:28:21"
"38","455","Assignment Graded & Published","Your grade has been published: 18.4 / 20.","grade","21","0","2026-09-21 21:28:21"
"39","285","Evaluation Pending Review","Assistant evaluated submission. Pending your approval.","submission","220","0","2026-09-21 21:28:21"
"40","455","Assignment Graded & Published","Your grade has been published: 46 / 50.","grade","22","0","2026-09-21 21:28:21"
"41","285","Evaluation Pending Review","Assistant evaluated submission. Pending your approval.","submission","222","0","2026-09-21 21:28:21"
"42","417","Assignment Graded & Published","Your grade has been published: 18.4 / 20.","grade","23","0","2026-09-21 21:28:21"
"43","285","Evaluation Pending Review","Assistant evaluated submission. Pending your approval.","submission","224","0","2026-09-21 21:28:21"
"44","417","Assignment Graded & Published","Your grade has been published: 46 / 50.","grade","24","0","2026-09-21 21:28:21"
"45","286","Evaluation Pending Review","Assistant evaluated submission. Pending your approval.","submission","226","0","2026-09-21 21:28:21"
"46","415","Assignment Graded & Published","Your grade has been published: 18.4 / 20.","grade","25","0","2026-09-21 21:28:21"
"47","286","Evaluation Pending Review","Assistant evaluated submission. Pending your approval.","submission","228","0","2026-09-21 21:28:21"
"48","415","Assignment Graded & Published","Your grade has been published: 46 / 50.","grade","26","0","2026-09-21 21:28:21"
"49","286","Evaluation Pending Review","Assistant evaluated submission. Pending your approval.","submission","230","0","2026-09-21 21:28:21"
"50","408","Assignment Graded & Published","Your grade has been published: 18.4 / 20.","grade","27","0","2026-09-21 21:28:21"
"51","286","Evaluation Pending Review","Assistant evaluated submission. Pending your approval.","submission","232","0","2026-09-21 21:28:21"
"52","408","Assignment Graded & Published","Your grade has been published: 46 / 50.","grade","28","0","2026-09-21 21:28:21"
"53","404","Assignment Graded & Published","Your grade has been published: 18.4 / 20.","grade","29","0","2026-09-21 21:28:21"
"54","404","Assignment Graded & Published","Your grade has been published: 46 / 50.","grade","30","0","2026-09-21 21:28:21"
"55","384","Assignment Graded & Published","Your grade has been published: 18.4 / 20.","grade","31","0","2026-09-21 21:28:21"
"56","384","Assignment Graded & Published","Your grade has been published: 46 / 50.","grade","32","0","2026-09-21 21:28:21"
"57","288","Evaluation Pending Review","Assistant evaluated submission. Pending your approval.","submission","238","0","2026-09-21 21:28:21"
"58","419","Assignment Graded & Published","Your grade has been published: 18.4 / 20.","grade","33","0","2026-09-21 21:28:21"
"59","288","Evaluation Pending Review","Assistant evaluated submission. Pending your approval.","submission","240","0","2026-09-21 21:28:22"
"60","419","Assignment Graded & Published","Your grade has been published: 46 / 50.","grade","34","0","2026-09-21 21:28:22"
"61","289","Evaluation Pending Review","Assistant evaluated submission. Pending your approval.","submission","242","0","2026-09-21 21:28:22"
"62","406","Assignment Graded & Published","Your grade has been published: 18.4 / 20.","grade","37","0","2026-09-21 21:28:22"
"63","289","Evaluation Pending Review","Assistant evaluated submission. Pending your approval.","submission","244","0","2026-09-21 21:28:22"
"64","406","Assignment Graded & Published","Your grade has been published: 46 / 50.","grade","38","0","2026-09-21 21:28:22"
"65","289","Evaluation Pending Review","Assistant evaluated submission. Pending your approval.","submission","246","0","2026-09-21 21:28:22"
"66","407","Assignment Graded & Published","Your grade has been published: 18.4 / 20.","grade","39","0","2026-09-21 21:28:22"
"67","289","Evaluation Pending Review","Assistant evaluated submission. Pending your approval.","submission","248","0","2026-09-21 21:28:22"
"68","407","Assignment Graded & Published","Your grade has been published: 46 / 50.","grade","40","0","2026-09-21 21:28:22"
"69","405","Assignment Graded & Published","Your grade has been published: 18.4 / 20.","grade","41","0","2026-09-21 21:28:22"
"70","405","Assignment Graded & Published","Your grade has been published: 46 / 50.","grade","42","0","2026-09-21 21:28:22"
"71","384","Assignment Graded & Published","Your grade has been published: 18.4 / 20.","grade","43","0","2026-09-21 21:28:22"
"72","384","Assignment Graded & Published","Your grade has been published: 46 / 50.","grade","44","0","2026-09-21 21:28:22"
"73","291","Evaluation Pending Review","Assistant evaluated submission. Pending your approval.","submission","254","0","2026-09-21 21:28:22"
"74","422","Assignment Graded & Published","Your grade has been published: 18.4 / 20.","grade","45","0","2026-09-21 21:28:22"
"75","291","Evaluation Pending Review","Assistant evaluated submission. Pending your approval.","submission","256","0","2026-09-21 21:28:22"
"76","422","Assignment Graded & Published","Your grade has been published: 46 / 50.","grade","46","0","2026-09-21 21:28:22"
"77","292","Evaluation Pending Review","Assistant evaluated submission. Pending your approval.","submission","258","0","2026-09-21 21:28:22"
"78","406","Assignment Graded & Published","Your grade has been published: 18.4 / 20.","grade","49","0","2026-09-21 21:28:22"
"79","292","Evaluation Pending Review","Assistant evaluated submission. Pending your approval.","submission","260","0","2026-09-21 21:28:22"
"80","406","Assignment Graded & Published","Your grade has been published: 46 / 50.","grade","50","0","2026-09-21 21:28:22"
"81","293","Evaluation Pending Review","Assistant evaluated submission. Pending your approval.","submission","262","0","2026-09-21 21:28:22"
"82","407","Assignment Graded & Published","Your grade has been published: 18.4 / 20.","grade","51","0","2026-09-21 21:28:22"
"83","293","Evaluation Pending Review","Assistant evaluated submission. Pending your approval.","submission","264","0","2026-09-21 21:28:22"
"84","407","Assignment Graded & Published","Your grade has been published: 46 / 50.","grade","52","0","2026-09-21 21:28:22"
"85","293","Evaluation Pending Review","Assistant evaluated submission. Pending your approval.","submission","266","0","2026-09-21 21:28:22"
"86","408","Assignment Graded & Published","Your grade has been published: 18.4 / 20.","grade","53","0","2026-09-21 21:28:22"
"87","293","Evaluation Pending Review","Assistant evaluated submission. Pending your approval.","submission","268","0","2026-09-21 21:28:22"
"88","408","Assignment Graded & Published","Your grade has been published: 46 / 50.","grade","54","0","2026-09-21 21:28:22"
"89","384","Assignment Graded & Published","Your grade has been published: 18.4 / 20.","grade","55","0","2026-09-21 21:28:22"
"90","384","Assignment Graded & Published","Your grade has been published: 46 / 50.","grade","56","0","2026-09-21 21:28:22"
"91","294","Evaluation Pending Review","Assistant evaluated submission. Pending your approval.","submission","272","0","2026-09-21 21:28:22"
"92","420","Assignment Graded & Published","Your grade has been published: 18.4 / 20.","grade","59","0","2026-09-21 21:28:22"
"93","294","Evaluation Pending Review","Assistant evaluated submission. Pending your approval.","submission","274","0","2026-09-21 21:28:22"
"94","420","Assignment Graded & Published","Your grade has been published: 46 / 50.","grade","60","0","2026-09-21 21:28:22"
"95","295","Evaluation Pending Review","Assistant evaluated submission. Pending your approval.","submission","276","0","2026-09-21 21:28:22"
"96","406","Assignment Graded & Published","Your grade has been published: 18.4 / 20.","grade","61","0","2026-09-21 21:28:22"
"97","295","Evaluation Pending Review","Assistant evaluated submission. Pending your approval.","submission","278","0","2026-09-21 21:28:22"
"98","406","Assignment Graded & Published","Your grade has been published: 46 / 50.","grade","62","0","2026-09-21 21:28:22"
"99","295","Evaluation Pending Review","Assistant evaluated submission. Pending your approval.","submission","280","0","2026-09-21 21:28:22"
"100","408","Assignment Graded & Published","Your grade has been published: 18.4 / 20.","grade","63","0","2026-09-21 21:28:22"
"101","295","Evaluation Pending Review","Assistant evaluated submission. Pending your approval.","submission","282","0","2026-09-21 21:28:22"
"102","408","Assignment Graded & Published","Your grade has been published: 46 / 50.","grade","64","0","2026-09-21 21:28:22"
"103","404","Assignment Graded & Published","Your grade has been published: 18.4 / 20.","grade","65","0","2026-09-21 21:28:22"
"104","404","Assignment Graded & Published","Your grade has been published: 46 / 50.","grade","66","0","2026-09-21 21:28:22"
"105","391","Assignment Graded & Published","Your grade has been published: 18.4 / 20.","grade","67","0","2026-09-21 21:28:22"
"106","391","Assignment Graded & Published","Your grade has been published: 46 / 50.","grade","68","0","2026-09-21 21:28:22"
"107","391","Assignment Graded & Published","Your grade has been published: 18.4 / 20.","grade","69","0","2026-09-21 21:28:22"
"108","391","Assignment Graded & Published","Your grade has been published: 46 / 50.","grade","70","0","2026-09-21 21:28:22"
"109","391","Assignment Graded & Published","Your grade has been published: 18.4 / 20.","grade","71","0","2026-09-21 21:28:22"
"110","391","Assignment Graded & Published","Your grade has been published: 46 / 50.","grade","72","0","2026-09-21 21:28:22"
"111","391","Assignment Graded & Published","Your grade has been published: 18.4 / 20.","grade","73","0","2026-09-21 21:28:22"
"112","391","Assignment Graded & Published","Your grade has been published: 46 / 50.","grade","74","0","2026-09-21 21:28:22"
"113","391","Assignment Graded & Published","Your grade has been published: 18.4 / 20.","grade","75","0","2026-09-21 21:28:22"
"114","391","Assignment Graded & Published","Your grade has been published: 46 / 50.","grade","76","0","2026-09-21 21:28:22"
"115","391","Assignment Graded & Published","Your grade has been published: 18.4 / 20.","grade","77","0","2026-09-21 21:28:22"
"116","391","Assignment Graded & Published","Your grade has been published: 46 / 50.","grade","78","0","2026-09-21 21:28:22"
"117","378","Evaluation Pending Review","Assistant evaluated submission. Pending your approval.","submission","299","0","2026-09-21 21:28:22"
"118","387","Assignment Graded & Published","Your grade has been published: 92 / 100.","grade","81","0","2026-09-21 21:28:22"
"119","379","Evaluation Pending Review","Assistant evaluated submission. Pending your approval.","submission","302","0","2026-09-21 21:28:22"
"120","387","Assignment Graded & Published","Your grade has been published: 92 / 100.","grade","82","0","2026-09-21 21:28:22"
"121","379","Evaluation Pending Review","Assistant evaluated submission. Pending your approval.","submission","306","0","2026-09-21 21:28:22"
"122","387","Assignment Graded & Published","Your grade has been published: 92 / 100.","grade","83","0","2026-09-21 21:28:22"
"123","378","Evaluation Pending Review","Assistant Eng. Karim Hesham evaluated submission. Pending your approval.","submission","167","0","2026-09-21 21:29:47"
"124","385","Assignment Graded & Published","Your grade for Reading Comprehension Practice has been published: 95 / 100.","grade","80","0","2026-09-21 21:29:47"
"125","382","Recheck Requested","Teacher Ms. Nelly Karim requested a recheck: Please re-verify question 3 marks.","recheck","174","0","2026-09-21 21:29:47"
"126","495","New Assignment Posted","A new assignment 'H1' was posted in History. Deadline: 2026-09-30 11:59:00.","assignment","84","1","2026-09-29 21:42:10"
"127","495","New Assignment Posted","A new assignment 'h01' was posted in History. Deadline: 2026-09-30 21:42:00.","assignment","85","1","2026-09-29 21:42:43"
"128","495","New Assignment Posted","A new assignment '1st' was posted in History. Deadline: 2026-09-30 21:43:00.","assignment","86","1","2026-09-29 21:43:37"
"129","495","New Assignment Posted","A new assignment 'Test Assignment By Hesham' was posted in History. Deadline: 2026-10-15 23:59:00.","assignment","87","1","2026-09-29 21:56:41"
"130","495","New Assignment Posted","A new assignment '1st' was posted in History. Deadline: 2026-09-30 22:03:00.","assignment","88","1","2026-09-29 22:03:45"
"131","495","New Assignment Posted","A new assignment '1st' was posted in History. Deadline: 2026-09-30 22:05:00.","assignment","89","1","2026-09-29 22:06:13"
"132","493","New Submission Received","Student Youssef Mohamed has submitted assignment 'H1'.","submission","308","0","2026-09-29 22:08:55"
"133","492","New Submission Received","Student Youssef Mohamed has submitted assignment 'H1'.","submission","308","0","2026-09-29 22:08:55"
"134","492","Evaluation Pending Review","Assistant Asst. Karim Hesham evaluated submission for 'H1' (Youssef Mohamed). Pending your approval.","submission","308","0","2026-09-29 22:13:16"
"135","495","Assignment Graded & Published","Your grade for 'H1' has been published: 20.25 / 25.","grade","84","1","2026-09-29 22:14:34"
"136","493","New Submission Received","Student Youssef Mohamed has submitted assignment 'h01'.","submission","309","0","2026-09-29 22:16:27"
"137","492","New Submission Received","Student Youssef Mohamed has submitted assignment 'h01'.","submission","309","0","2026-09-29 22:16:27"
"138","493","New Submission Received","Student Youssef Mohamed has submitted assignment 'h01'.","submission","310","0","2026-09-29 22:16:34"
"139","492","New Submission Received","Student Youssef Mohamed has submitted assignment 'h01'.","submission","310","0","2026-09-29 22:16:34"
"140","493","New Submission Received","Student Youssef Mohamed has submitted assignment 'h01'.","submission","311","0","2026-09-29 22:16:41"
"141","492","New Submission Received","Student Youssef Mohamed has submitted assignment 'h01'.","submission","311","0","2026-09-29 22:16:41"
"142","495","New Assignment Posted","A new assignment '2nd' was posted in History. No Deadline (Open-ended).","assignment","90","1","2026-09-29 22:20:56"
"143","493","New Submission Received","Student Youssef Mohamed has submitted assignment '2nd'.","submission","312","0","2026-09-29 22:21:29"
"144","492","New Submission Received","Student Youssef Mohamed has submitted assignment '2nd'.","submission","312","0","2026-09-29 22:21:29"
"145","495","New Assignment Posted","A new assignment '3rd' was posted in History. Deadline: 2026-09-20 22:22:00.","assignment","91","1","2026-09-29 22:22:24"
"146","495","New Assignment Posted","A new assignment '4th' was posted in History. Deadline: 2026-09-21 22:32:00.","assignment","92","1","2026-09-29 22:33:13"
"147","495","Assignment Reopened (24h Exception)","Teacher Mr. Hesham Selim has reopened assignment '4th' for you with a 24-hour window. You have 1 attempt to submit before Sep 30, 2026 09:34 PM. Submission will be marked as Late.","assignment","92","1","2026-09-29 22:34:37"
"148","492","24h Late Exception Reopened","You reopened assignment '4th' for student Youssef Mohamed. Valid for a single submission within 24 hours (until Sep 30, 2026 09:34 PM).","exception","7","0","2026-09-29 22:34:37"
"149","493","Late Exception Granted by Teacher","Teacher Mr. Hesham Selim reopened assignment '4th' for student Youssef Mohamed. Valid for 1 submission within 24 hours (until Sep 30, 2026 09:34 PM).","exception","7","0","2026-09-29 22:34:37"
"150","494","Late Exception Granted by Teacher","Teacher Mr. Hesham Selim reopened assignment '4th' for student Youssef Mohamed. Valid for 1 submission within 24 hours (until Sep 30, 2026 09:34 PM).","exception","7","0","2026-09-29 22:34:37"
"151","495","Late Submission Confirmed","Your late submission for '4th' under the 24-hour exception was successfully received.","submission","313","1","2026-09-29 22:37:23"
"152","493","Late Submission Received (24h Exception)","Student Youssef Mohamed has submitted late assignment '4th' under the 24-hour exception window.","submission","313","0","2026-09-29 22:37:23"
"153","492","Late Submission Received (24h Exception)","Student Youssef Mohamed has submitted late assignment '4th' under the 24-hour exception window.","submission","313","0","2026-09-29 22:37:23"
"154","492","Evaluation Pending Review","Assistant Asst. Karim Hesham evaluated submission for '4th' (Youssef Mohamed). Pending your approval.","submission","313","0","2026-09-29 22:39:33"
"id","student_id","teacher_id","subject","created_at"
"1","349","280","Arabic","2026-09-19 21:28:21"
"2","349","285","English","2026-09-19 21:28:21"
"3","349","288","Mathematics","2026-09-19 21:28:21"
"4","349","291","Science","2026-09-19 21:28:21"
"5","349","294","Social Studies","2026-09-19 21:28:21"
"6","350","282","Arabic","2026-09-19 21:28:21"
"7","350","286","English","2026-09-19 21:28:21"
"8","350","289","Mathematics","2026-09-19 21:28:21"
"9","350","292","Science","2026-09-19 21:28:21"
"10","350","295","Social Studies","2026-09-19 21:28:21"
"11","351","281","Arabic","2026-09-19 21:28:21"
"12","351","285","English","2026-09-19 21:28:21"
"13","351","288","Mathematics","2026-09-19 21:28:21"
"14","351","291","Science","2026-09-19 21:28:21"
"15","351","294","Social Studies","2026-09-19 21:28:21"
"16","352","282","Arabic","2026-09-19 21:28:21"
"17","352","286","English","2026-09-19 21:28:21"
"18","352","289","Mathematics","2026-09-19 21:28:21"
"19","352","292","Science","2026-09-19 21:28:21"
"20","352","295","Social Studies","2026-09-19 21:28:21"
"21","353","281","Arabic","2026-09-19 21:28:21"
"22","353","285","English","2026-09-19 21:28:21"
"23","353","288","Mathematics","2026-09-19 21:28:21"
"24","353","291","Science","2026-09-19 21:28:21"
"25","353","294","Social Studies","2026-09-19 21:28:21"
"26","354","283","Arabic","2026-09-19 21:28:21"
"27","354","287","English","2026-09-19 21:28:21"
"28","354","289","Mathematics","2026-09-19 21:28:21"
"29","354","293","Science","2026-09-19 21:28:21"
"30","354","296","Social Studies","2026-09-19 21:28:21"
"31","355","280","Arabic","2026-09-19 21:28:21"
"32","355","287","English","2026-09-19 21:28:21"
"33","355","288","Mathematics","2026-09-19 21:28:21"
"34","355","291","Science","2026-09-19 21:28:21"
"35","355","296","Social Studies","2026-09-19 21:28:21"
"36","356","281","Arabic","2026-09-19 21:28:21"
"37","356","285","English","2026-09-19 21:28:21"
"38","356","289","Mathematics","2026-09-19 21:28:21"
"39","356","293","Science","2026-09-19 21:28:21"
"40","356","294","Social Studies","2026-09-19 21:28:21"
"41","357","283","Arabic","2026-09-19 21:28:21"
"42","357","287","English","2026-09-19 21:28:21"
"43","357","288","Mathematics","2026-09-19 21:28:21"
"44","357","291","Science","2026-09-19 21:28:21"
"45","357","296","Social Studies","2026-09-19 21:28:21"
"46","358","284","Arabic","2026-09-19 21:28:21"
"47","358","285","English","2026-09-19 21:28:21"
"48","358","290","Mathematics","2026-09-19 21:28:21"
"49","358","291","Science","2026-09-19 21:28:21"
"50","358","295","Social Studies","2026-09-19 21:28:21"
"51","359","283","Arabic","2026-09-19 21:28:21"
"52","359","286","English","2026-09-19 21:28:21"
"53","359","290","Mathematics","2026-09-19 21:28:21"
"54","359","293","Science","2026-09-19 21:28:21"
"55","359","294","Social Studies","2026-09-19 21:28:21"
"56","360","284","Arabic","2026-09-19 21:28:21"
"57","360","286","English","2026-09-19 21:28:21"
"58","360","290","Mathematics","2026-09-19 21:28:21"
"59","360","293","Science","2026-09-19 21:28:21"
"60","360","295","Social Studies","2026-09-19 21:28:21"
"61","361","280","Arabic","2026-09-19 21:28:21"
"62","361","285","English","2026-09-19 21:28:21"
"63","361","288","Mathematics","2026-09-19 21:28:21"
"64","361","291","Science","2026-09-19 21:28:21"
"65","361","294","Social Studies","2026-09-19 21:28:21"
"66","362","297","Arabic","2026-09-19 21:28:21"
"67","362","298","First Foreign Language","2026-09-19 21:28:21"
"68","362","299","History","2026-09-19 21:28:21"
"69","362","300","Mathematics","2026-09-19 21:28:21"
"70","362","301","Integrated Sciences","2026-09-19 21:28:21"
"71","362","302","Philosophy & Logic","2026-09-19 21:28:21"
"72","363","297","Arabic","2026-09-19 21:28:21"
"73","363","298","First Foreign Language","2026-09-19 21:28:21"
"74","363","299","History","2026-09-19 21:28:21"
"75","363","300","Mathematics","2026-09-19 21:28:21"
"76","363","301","Integrated Sciences","2026-09-19 21:28:21"
"77","363","302","Philosophy & Logic","2026-09-19 21:28:21"
"78","364","297","Arabic","2026-09-19 21:28:21"
"79","364","298","First Foreign Language","2026-09-19 21:28:21"
"80","364","299","History","2026-09-19 21:28:21"
"81","364","300","Mathematics","2026-09-19 21:28:21"
"82","364","301","Integrated Sciences","2026-09-19 21:28:21"
"83","364","302","Philosophy & Logic","2026-09-19 21:28:21"
"204","391","297","Arabic","2026-09-21 21:28:06"
"205","391","298","First Foreign Language","2026-09-21 21:28:06"
"206","391","299","History","2026-09-21 21:28:06"
"207","391","300","Mathematics","2026-09-21 21:28:06"
"208","391","301","Integrated Sciences","2026-09-21 21:28:06"
"209","391","302","Philosophy & Logic","2026-09-21 21:28:06"
"210","392","297","Arabic","2026-09-21 21:28:06"
"211","392","298","First Foreign Language","2026-09-21 21:28:06"
"212","392","299","History","2026-09-21 21:28:06"
"213","392","300","Mathematics","2026-09-21 21:28:06"
"214","392","301","Integrated Sciences","2026-09-21 21:28:06"
"215","392","302","Philosophy & Logic","2026-09-21 21:28:06"
"216","393","297","Arabic","2026-09-21 21:28:07"
"217","393","298","First Foreign Language","2026-09-21 21:28:07"
"218","393","299","History","2026-09-21 21:28:07"
"219","393","300","Mathematics","2026-09-21 21:28:07"
"220","393","301","Integrated Sciences","2026-09-21 21:28:07"
"221","393","302","Philosophy & Logic","2026-09-21 21:28:07"
"222","394","297","Arabic","2026-09-21 21:28:07"
"223","394","298","First Foreign Language","2026-09-21 21:28:07"
"224","394","299","History","2026-09-21 21:28:07"
"225","394","300","Mathematics","2026-09-21 21:28:07"
"226","394","301","Integrated Sciences","2026-09-21 21:28:07"
"227","394","302","Philosophy & Logic","2026-09-21 21:28:07"
"228","395","297","Arabic","2026-09-21 21:28:07"
"229","395","298","First Foreign Language","2026-09-21 21:28:07"
"230","395","299","History","2026-09-21 21:28:07"
"231","395","300","Mathematics","2026-09-21 21:28:07"
"232","395","301","Integrated Sciences","2026-09-21 21:28:07"
"233","395","302","Philosophy & Logic","2026-09-21 21:28:07"
"234","396","297","Arabic","2026-09-21 21:28:07"
"235","396","298","First Foreign Language","2026-09-21 21:28:07"
"236","396","299","History","2026-09-21 21:28:07"
"237","396","300","Mathematics","2026-09-21 21:28:07"
"238","396","301","Integrated Sciences","2026-09-21 21:28:07"
"239","396","302","Philosophy & Logic","2026-09-21 21:28:07"
"240","397","297","Arabic","2026-09-21 21:28:07"
"241","397","298","First Foreign Language","2026-09-21 21:28:07"
"242","397","299","History","2026-09-21 21:28:07"
"243","397","300","Mathematics","2026-09-21 21:28:07"
"244","397","301","Integrated Sciences","2026-09-21 21:28:07"
"245","397","302","Philosophy & Logic","2026-09-21 21:28:07"
"246","398","297","Arabic","2026-09-21 21:28:07"
"247","398","298","First Foreign Language","2026-09-21 21:28:07"
"248","398","299","History","2026-09-21 21:28:07"
"249","398","300","Mathematics","2026-09-21 21:28:07"
"250","398","301","Integrated Sciences","2026-09-21 21:28:07"
"251","398","302","Philosophy & Logic","2026-09-21 21:28:07"
"252","399","297","Arabic","2026-09-21 21:28:08"
"253","399","298","First Foreign Language","2026-09-21 21:28:08"
"254","399","299","History","2026-09-21 21:28:08"
"255","399","300","Mathematics","2026-09-21 21:28:08"
"256","399","301","Integrated Sciences","2026-09-21 21:28:08"
"257","399","302","Philosophy & Logic","2026-09-21 21:28:08"
"258","400","297","Arabic","2026-09-21 21:28:08"
"259","400","298","First Foreign Language","2026-09-21 21:28:08"
"260","400","299","History","2026-09-21 21:28:08"
"261","400","300","Mathematics","2026-09-21 21:28:08"
"262","400","301","Integrated Sciences","2026-09-21 21:28:08"
"263","400","302","Philosophy & Logic","2026-09-21 21:28:08"
"264","401","297","Arabic","2026-09-21 21:28:08"
"265","401","298","First Foreign Language","2026-09-21 21:28:08"
"266","401","299","History","2026-09-21 21:28:08"
"267","401","300","Mathematics","2026-09-21 21:28:08"
"268","401","301","Integrated Sciences","2026-09-21 21:28:08"
"269","401","302","Philosophy & Logic","2026-09-21 21:28:08"
"270","402","297","Arabic","2026-09-21 21:28:08"
"271","402","298","First Foreign Language","2026-09-21 21:28:08"
"272","402","299","History","2026-09-21 21:28:08"
"273","402","300","Mathematics","2026-09-21 21:28:08"
"274","402","301","Integrated Sciences","2026-09-21 21:28:08"
"275","402","302","Philosophy & Logic","2026-09-21 21:28:08"
"276","403","282","Arabic","2026-09-21 21:28:08"
"277","403","286","English","2026-09-21 21:28:08"
"278","403","289","Mathematics","2026-09-21 21:28:08"
"279","403","292","Science","2026-09-21 21:28:08"
"280","403","295","Social Studies","2026-09-21 21:28:08"
"281","404","280","Arabic","2026-09-21 21:28:08"
"282","404","287","English","2026-09-21 21:28:08"
"283","404","289","Mathematics","2026-09-21 21:28:08"
"284","404","293","Science","2026-09-21 21:28:08"
"285","404","296","Social Studies","2026-09-21 21:28:08"
"286","405","284","Arabic","2026-09-21 21:28:08"
"287","405","286","English","2026-09-21 21:28:08"
"288","405","290","Mathematics","2026-09-21 21:28:08"
"289","405","293","Science","2026-09-21 21:28:08"
"290","405","295","Social Studies","2026-09-21 21:28:08"
"291","406","281","Arabic","2026-09-21 21:28:09"
"292","406","285","English","2026-09-21 21:28:09"
"293","406","289","Mathematics","2026-09-21 21:28:09"
"294","406","292","Science","2026-09-21 21:28:09"
"295","406","295","Social Studies","2026-09-21 21:28:09"
"296","407","283","Arabic","2026-09-21 21:28:09"
"297","407","287","English","2026-09-21 21:28:09"
"298","407","289","Mathematics","2026-09-21 21:28:09"
"299","407","293","Science","2026-09-21 21:28:09"
"300","407","296","Social Studies","2026-09-21 21:28:09"
"301","408","284","Arabic","2026-09-21 21:28:09"
"302","408","286","English","2026-09-21 21:28:09"
"303","408","290","Mathematics","2026-09-21 21:28:09"
"304","408","293","Science","2026-09-21 21:28:09"
"305","408","295","Social Studies","2026-09-21 21:28:09"
"306","409","282","Arabic","2026-09-21 21:28:09"
"307","409","285","English","2026-09-21 21:28:09"
"308","409","289","Mathematics","2026-09-21 21:28:09"
"309","409","292","Science","2026-09-21 21:28:09"
"310","409","295","Social Studies","2026-09-21 21:28:09"
"311","410","280","Arabic","2026-09-21 21:28:09"
"312","410","287","English","2026-09-21 21:28:09"
"313","410","289","Mathematics","2026-09-21 21:28:09"
"314","410","293","Science","2026-09-21 21:28:09"
"315","410","296","Social Studies","2026-09-21 21:28:09"
"316","411","283","Arabic","2026-09-21 21:28:09"
"317","411","286","English","2026-09-21 21:28:09"
"318","411","290","Mathematics","2026-09-21 21:28:09"
"319","411","293","Science","2026-09-21 21:28:09"
"320","411","295","Social Studies","2026-09-21 21:28:09"
"321","412","281","Arabic","2026-09-21 21:28:10"
"322","412","379","English","2026-09-21 21:28:10"
"323","412","289","Mathematics","2026-09-21 21:28:10"
"324","412","292","Science","2026-09-21 21:28:10"
"325","412","295","Social Studies","2026-09-21 21:28:10"
"326","413","280","Arabic","2026-09-21 21:28:10"
"327","413","287","English","2026-09-21 21:28:10"
"328","413","289","Mathematics","2026-09-21 21:28:10"
"329","413","293","Science","2026-09-21 21:28:10"
"330","413","296","Social Studies","2026-09-21 21:28:10"
"331","414","284","Arabic","2026-09-21 21:28:10"
"332","414","285","English","2026-09-21 21:28:10"
"333","414","290","Mathematics","2026-09-21 21:28:10"
"334","414","293","Science","2026-09-21 21:28:10"
"335","414","295","Social Studies","2026-09-21 21:28:10"
"336","415","282","Arabic","2026-09-21 21:28:10"
"337","415","286","English","2026-09-21 21:28:10"
"338","415","289","Mathematics","2026-09-21 21:28:10"
"339","415","292","Science","2026-09-21 21:28:10"
"340","415","295","Social Studies","2026-09-21 21:28:10"
"341","416","281","Arabic","2026-09-21 21:28:10"
"342","416","287","English","2026-09-21 21:28:10"
"343","416","288","Mathematics","2026-09-21 21:28:10"
"344","416","293","Science","2026-09-21 21:28:10"
"345","416","296","Social Studies","2026-09-21 21:28:10"
"346","417","283","Arabic","2026-09-21 21:28:10"
"347","417","285","English","2026-09-21 21:28:10"
"348","417","290","Mathematics","2026-09-21 21:28:10"
"349","417","293","Science","2026-09-21 21:28:10"
"350","417","294","Social Studies","2026-09-21 21:28:10"
"351","418","282","Arabic","2026-09-21 21:28:11"
"352","418","379","English","2026-09-21 21:28:11"
"353","418","289","Mathematics","2026-09-21 21:28:11"
"354","418","292","Science","2026-09-21 21:28:11"
"355","418","295","Social Studies","2026-09-21 21:28:11"
"356","419","280","Arabic","2026-09-21 21:28:11"
"357","419","287","English","2026-09-21 21:28:11"
"358","419","288","Mathematics","2026-09-21 21:28:11"
"359","419","291","Science","2026-09-21 21:28:11"
"360","419","296","Social Studies","2026-09-21 21:28:11"
"361","420","284","Arabic","2026-09-21 21:28:11"
"362","420","286","English","2026-09-21 21:28:11"
"363","420","290","Mathematics","2026-09-21 21:28:11"
"364","420","293","Science","2026-09-21 21:28:11"
"365","420","294","Social Studies","2026-09-21 21:28:11"
"366","421","281","Arabic","2026-09-21 21:28:11"
"367","421","379","English","2026-09-21 21:28:11"
"368","421","289","Mathematics","2026-09-21 21:28:11"
"369","421","292","Science","2026-09-21 21:28:11"
"370","421","295","Social Studies","2026-09-21 21:28:11"
"371","422","283","Arabic","2026-09-21 21:28:11"
"372","422","287","English","2026-09-21 21:28:11"
"373","422","288","Mathematics","2026-09-21 21:28:11"
"374","422","291","Science","2026-09-21 21:28:11"
"375","422","296","Social Studies","2026-09-21 21:28:11"
"376","423","284","Arabic","2026-09-21 21:28:11"
"377","423","285","English","2026-09-21 21:28:11"
"378","423","290","Mathematics","2026-09-21 21:28:11"
"379","423","293","Science","2026-09-21 21:28:11"
"380","423","294","Social Studies","2026-09-21 21:28:11"
"381","424","282","Arabic","2026-09-21 21:28:11"
"382","424","286","English","2026-09-21 21:28:11"
"383","424","289","Mathematics","2026-09-21 21:28:11"
"384","424","292","Science","2026-09-21 21:28:11"
"385","424","295","Social Studies","2026-09-21 21:28:11"
"386","425","280","Arabic","2026-09-21 21:28:12"
"387","425","287","English","2026-09-21 21:28:12"
"388","425","288","Mathematics","2026-09-21 21:28:12"
"389","425","291","Science","2026-09-21 21:28:12"
"390","425","296","Social Studies","2026-09-21 21:28:12"
"391","426","283","Arabic","2026-09-21 21:28:12"
"392","426","285","English","2026-09-21 21:28:12"
"393","426","290","Mathematics","2026-09-21 21:28:12"
"394","426","293","Science","2026-09-21 21:28:12"
"395","426","294","Social Studies","2026-09-21 21:28:12"
"396","427","281","Arabic","2026-09-21 21:28:12"
"397","427","379","English","2026-09-21 21:28:12"
"398","427","289","Mathematics","2026-09-21 21:28:12"
"399","427","292","Science","2026-09-21 21:28:12"
"400","427","295","Social Studies","2026-09-21 21:28:12"
"401","428","280","Arabic","2026-09-21 21:28:12"
"402","428","287","English","2026-09-21 21:28:12"
"403","428","288","Mathematics","2026-09-21 21:28:12"
"404","428","291","Science","2026-09-21 21:28:12"
"405","428","296","Social Studies","2026-09-21 21:28:12"
"406","429","284","Arabic","2026-09-21 21:28:12"
"407","429","286","English","2026-09-21 21:28:12"
"408","429","290","Mathematics","2026-09-21 21:28:12"
"409","429","293","Science","2026-09-21 21:28:12"
"410","429","294","Social Studies","2026-09-21 21:28:12"
"411","430","282","Arabic","2026-09-21 21:28:12"
"412","430","379","English","2026-09-21 21:28:12"
"413","430","289","Mathematics","2026-09-21 21:28:12"
"414","430","292","Science","2026-09-21 21:28:12"
"415","430","295","Social Studies","2026-09-21 21:28:12"
"416","431","281","Arabic","2026-09-21 21:28:13"
"417","431","285","English","2026-09-21 21:28:13"
"418","431","288","Mathematics","2026-09-21 21:28:13"
"419","431","291","Science","2026-09-21 21:28:13"
"420","431","296","Social Studies","2026-09-21 21:28:13"
"421","432","283","Arabic","2026-09-21 21:28:13"
"422","432","286","English","2026-09-21 21:28:13"
"423","432","290","Mathematics","2026-09-21 21:28:13"
"424","432","293","Science","2026-09-21 21:28:13"
"425","432","294","Social Studies","2026-09-21 21:28:13"
"426","433","378","Arabic","2026-09-21 21:28:13"
"427","433","379","English","2026-09-21 21:28:13"
"428","433","289","Mathematics","2026-09-21 21:28:13"
"429","433","292","Science","2026-09-21 21:28:13"
"430","433","295","Social Studies","2026-09-21 21:28:13"
"431","434","280","Arabic","2026-09-21 21:28:13"
"432","434","287","English","2026-09-21 21:28:13"
"433","434","288","Mathematics","2026-09-21 21:28:13"
"434","434","291","Science","2026-09-21 21:28:13"
"435","434","296","Social Studies","2026-09-21 21:28:13"
"436","435","284","Arabic","2026-09-21 21:28:13"
"437","435","285","English","2026-09-21 21:28:13"
"438","435","290","Mathematics","2026-09-21 21:28:13"
"439","435","293","Science","2026-09-21 21:28:13"
"440","435","294","Social Studies","2026-09-21 21:28:13"
"441","436","282","Arabic","2026-09-21 21:28:14"
"442","436","286","English","2026-09-21 21:28:14"
"443","436","289","Mathematics","2026-09-21 21:28:14"
"444","436","292","Science","2026-09-21 21:28:14"
"445","436","295","Social Studies","2026-09-21 21:28:14"
"446","437","281","Arabic","2026-09-21 21:28:14"
"447","437","287","English","2026-09-21 21:28:14"
"448","437","288","Mathematics","2026-09-21 21:28:14"
"449","437","291","Science","2026-09-21 21:28:14"
"450","437","296","Social Studies","2026-09-21 21:28:14"
"451","438","283","Arabic","2026-09-21 21:28:14"
"452","438","285","English","2026-09-21 21:28:14"
"453","438","290","Mathematics","2026-09-21 21:28:14"
"454","438","293","Science","2026-09-21 21:28:14"
"455","438","294","Social Studies","2026-09-21 21:28:14"
"456","439","378","Arabic","2026-09-21 21:28:14"
"457","439","379","English","2026-09-21 21:28:14"
"458","439","289","Mathematics","2026-09-21 21:28:14"
"459","439","292","Science","2026-09-21 21:28:14"
"460","439","295","Social Studies","2026-09-21 21:28:14"
"461","440","280","Arabic","2026-09-21 21:28:14"
"462","440","287","English","2026-09-21 21:28:14"
"463","440","288","Mathematics","2026-09-21 21:28:14"
"464","440","291","Science","2026-09-21 21:28:14"
"465","440","296","Social Studies","2026-09-21 21:28:14"
"466","441","284","Arabic","2026-09-21 21:28:15"
"467","441","286","English","2026-09-21 21:28:15"
"468","441","290","Mathematics","2026-09-21 21:28:15"
"469","441","293","Science","2026-09-21 21:28:15"
"470","441","294","Social Studies","2026-09-21 21:28:15"
"471","442","282","Arabic","2026-09-21 21:28:15"
"472","442","379","English","2026-09-21 21:28:15"
"473","442","289","Mathematics","2026-09-21 21:28:15"
"474","442","292","Science","2026-09-21 21:28:15"
"475","442","295","Social Studies","2026-09-21 21:28:15"
"476","443","281","Arabic","2026-09-21 21:28:15"
"477","443","285","English","2026-09-21 21:28:15"
"478","443","288","Mathematics","2026-09-21 21:28:15"
"479","443","291","Science","2026-09-21 21:28:15"
"480","443","296","Social Studies","2026-09-21 21:28:15"
"481","444","283","Arabic","2026-09-21 21:28:15"
"482","444","286","English","2026-09-21 21:28:15"
"483","444","290","Mathematics","2026-09-21 21:28:15"
"484","444","293","Science","2026-09-21 21:28:15"
"485","444","294","Social Studies","2026-09-21 21:28:15"
"486","445","378","Arabic","2026-09-21 21:28:15"
"487","445","379","English","2026-09-21 21:28:15"
"488","445","289","Mathematics","2026-09-21 21:28:15"
"489","445","292","Science","2026-09-21 21:28:15"
"490","445","295","Social Studies","2026-09-21 21:28:15"
"491","446","280","Arabic","2026-09-21 21:28:15"
"492","446","287","English","2026-09-21 21:28:15"
"493","446","288","Mathematics","2026-09-21 21:28:15"
"494","446","291","Science","2026-09-21 21:28:15"
"495","446","296","Social Studies","2026-09-21 21:28:15"
"496","447","284","Arabic","2026-09-21 21:28:16"
"497","447","285","English","2026-09-21 21:28:16"
"498","447","290","Mathematics","2026-09-21 21:28:16"
"499","447","293","Science","2026-09-21 21:28:16"
"500","447","294","Social Studies","2026-09-21 21:28:16"
"501","448","282","Arabic","2026-09-21 21:28:16"
"502","448","286","English","2026-09-21 21:28:16"
"503","448","289","Mathematics","2026-09-21 21:28:16"
"504","448","292","Science","2026-09-21 21:28:16"
"505","448","295","Social Studies","2026-09-21 21:28:16"
"506","449","281","Arabic","2026-09-21 21:28:16"
"507","449","287","English","2026-09-21 21:28:16"
"508","449","288","Mathematics","2026-09-21 21:28:16"
"509","449","291","Science","2026-09-21 21:28:16"
"510","449","296","Social Studies","2026-09-21 21:28:16"
"511","450","283","Arabic","2026-09-21 21:28:16"
"512","450","285","English","2026-09-21 21:28:16"
"513","450","290","Mathematics","2026-09-21 21:28:16"
"514","450","293","Science","2026-09-21 21:28:16"
"515","450","294","Social Studies","2026-09-21 21:28:16"
"516","451","378","Arabic","2026-09-21 21:28:16"
"517","451","379","English","2026-09-21 21:28:16"
"518","451","289","Mathematics","2026-09-21 21:28:16"
"519","451","292","Science","2026-09-21 21:28:16"
"520","451","295","Social Studies","2026-09-21 21:28:16"
"521","452","280","Arabic","2026-09-21 21:28:17"
"522","452","287","English","2026-09-21 21:28:17"
"523","452","288","Mathematics","2026-09-21 21:28:17"
"524","452","291","Science","2026-09-21 21:28:17"
"525","452","296","Social Studies","2026-09-21 21:28:17"
"526","453","284","Arabic","2026-09-21 21:28:17"
"527","453","286","English","2026-09-21 21:28:17"
"528","453","290","Mathematics","2026-09-21 21:28:17"
"529","453","293","Science","2026-09-21 21:28:17"
"530","453","294","Social Studies","2026-09-21 21:28:17"
"531","454","282","Arabic","2026-09-21 21:28:17"
"532","454","379","English","2026-09-21 21:28:17"
"533","454","289","Mathematics","2026-09-21 21:28:17"
"534","454","292","Science","2026-09-21 21:28:17"
"535","454","295","Social Studies","2026-09-21 21:28:17"
"536","455","281","Arabic","2026-09-21 21:28:17"
"537","455","285","English","2026-09-21 21:28:17"
"538","455","288","Mathematics","2026-09-21 21:28:17"
"539","455","291","Science","2026-09-21 21:28:17"
"540","455","296","Social Studies","2026-09-21 21:28:17"
"541","456","283","Arabic","2026-09-21 21:28:17"
"542","456","286","English","2026-09-21 21:28:17"
"543","456","290","Mathematics","2026-09-21 21:28:17"
"544","456","293","Science","2026-09-21 21:28:17"
"545","456","294","Social Studies","2026-09-21 21:28:17"
"546","457","378","Arabic","2026-09-21 21:28:18"
"547","457","379","English","2026-09-21 21:28:18"
"548","457","289","Mathematics","2026-09-21 21:28:18"
"549","457","292","Science","2026-09-21 21:28:18"
"550","457","295","Social Studies","2026-09-21 21:28:18"
"551","458","280","Arabic","2026-09-21 21:28:18"
"552","458","287","English","2026-09-21 21:28:18"
"553","458","288","Mathematics","2026-09-21 21:28:18"
"554","458","291","Science","2026-09-21 21:28:18"
"555","458","296","Social Studies","2026-09-21 21:28:18"
"556","459","284","Arabic","2026-09-21 21:28:18"
"557","459","285","English","2026-09-21 21:28:18"
"558","459","290","Mathematics","2026-09-21 21:28:18"
"559","459","293","Science","2026-09-21 21:28:18"
"560","459","294","Social Studies","2026-09-21 21:28:18"
"561","460","282","Arabic","2026-09-21 21:28:18"
"562","460","286","English","2026-09-21 21:28:18"
"563","460","289","Mathematics","2026-09-21 21:28:18"
"564","460","292","Science","2026-09-21 21:28:18"
"565","460","295","Social Studies","2026-09-21 21:28:18"
"566","461","281","Arabic","2026-09-21 21:28:18"
"567","461","287","English","2026-09-21 21:28:18"
"568","461","288","Mathematics","2026-09-21 21:28:18"
"569","461","291","Science","2026-09-21 21:28:18"
"570","461","296","Social Studies","2026-09-21 21:28:18"
"571","462","283","Arabic","2026-09-21 21:28:18"
"572","462","285","English","2026-09-21 21:28:18"
"573","462","290","Mathematics","2026-09-21 21:28:18"
"574","462","293","Science","2026-09-21 21:28:18"
"575","462","294","Social Studies","2026-09-21 21:28:19"
"576","463","378","Arabic","2026-09-21 21:28:19"
"577","463","379","English","2026-09-21 21:28:19"
"578","463","289","Mathematics","2026-09-21 21:28:19"
"579","463","292","Science","2026-09-21 21:28:19"
"580","463","295","Social Studies","2026-09-21 21:28:19"
"581","464","280","Arabic","2026-09-21 21:28:19"
"582","464","287","English","2026-09-21 21:28:19"
"583","464","288","Mathematics","2026-09-21 21:28:19"
"584","464","291","Science","2026-09-21 21:28:19"
"585","464","296","Social Studies","2026-09-21 21:28:19"
"586","465","284","Arabic","2026-09-21 21:28:19"
"587","465","286","English","2026-09-21 21:28:19"
"588","465","290","Mathematics","2026-09-21 21:28:19"
"589","465","293","Science","2026-09-21 21:28:19"
"590","465","294","Social Studies","2026-09-21 21:28:19"
"591","466","282","Arabic","2026-09-21 21:28:19"
"592","466","379","English","2026-09-21 21:28:19"
"593","466","289","Mathematics","2026-09-21 21:28:19"
"594","466","292","Science","2026-09-21 21:28:19"
"595","466","295","Social Studies","2026-09-21 21:28:19"
"596","467","281","Arabic","2026-09-21 21:28:19"
"597","467","285","English","2026-09-21 21:28:19"
"598","467","288","Mathematics","2026-09-21 21:28:19"
"599","467","291","Science","2026-09-21 21:28:19"
"600","467","296","Social Studies","2026-09-21 21:28:19"
"601","468","283","Arabic","2026-09-21 21:28:20"
"602","468","286","English","2026-09-21 21:28:20"
"603","468","290","Mathematics","2026-09-21 21:28:20"
"604","468","293","Science","2026-09-21 21:28:20"
"605","468","294","Social Studies","2026-09-21 21:28:20"
"606","469","378","Arabic","2026-09-21 21:28:20"
"607","469","379","English","2026-09-21 21:28:20"
"608","469","289","Mathematics","2026-09-21 21:28:20"
"609","469","292","Science","2026-09-21 21:28:20"
"610","469","295","Social Studies","2026-09-21 21:28:20"
"611","470","280","Arabic","2026-09-21 21:28:20"
"612","470","287","English","2026-09-21 21:28:20"
"613","470","288","Mathematics","2026-09-21 21:28:20"
"614","470","291","Science","2026-09-21 21:28:20"
"615","470","296","Social Studies","2026-09-21 21:28:20"
"616","471","284","Arabic","2026-09-21 21:28:20"
"617","471","285","English","2026-09-21 21:28:20"
"618","471","290","Mathematics","2026-09-21 21:28:20"
"619","471","293","Science","2026-09-21 21:28:20"
"620","471","294","Social Studies","2026-09-21 21:28:20"
"621","472","282","Arabic","2026-09-21 21:28:20"
"622","472","286","English","2026-09-21 21:28:20"
"623","472","289","Mathematics","2026-09-21 21:28:20"
"624","472","292","Science","2026-09-21 21:28:20"
"625","472","295","Social Studies","2026-09-21 21:28:20"
"626","473","281","Arabic","2026-09-21 21:28:20"
"627","473","287","English","2026-09-21 21:28:20"
"628","473","288","Mathematics","2026-09-21 21:28:20"
"629","473","291","Science","2026-09-21 21:28:20"
"630","473","296","Social Studies","2026-09-21 21:28:20"
"631","474","283","Arabic","2026-09-21 21:28:21"
"632","474","285","English","2026-09-21 21:28:21"
"633","474","290","Mathematics","2026-09-21 21:28:21"
"634","474","293","Science","2026-09-21 21:28:21"
"635","474","294","Social Studies","2026-09-21 21:28:21"
"636","475","378","Arabic","2026-09-21 21:28:21"
"637","475","379","English","2026-09-21 21:28:21"
"638","475","289","Mathematics","2026-09-21 21:28:21"
"639","475","292","Science","2026-09-21 21:28:21"
"640","475","295","Social Studies","2026-09-21 21:28:21"
"646","384","378","Arabic","2026-09-21 21:29:47"
"647","384","379","English","2026-09-21 21:29:47"
"648","384","288","Mathematics","2026-09-21 21:29:47"
"649","384","291","Science","2026-09-21 21:29:47"
"650","384","294","Social Studies","2026-09-21 21:29:47"
"651","385","378","Arabic","2026-09-21 21:29:47"
"652","385","379","English","2026-09-21 21:29:47"
"653","385","288","Mathematics","2026-09-21 21:29:47"
"654","385","291","Science","2026-09-21 21:29:47"
"655","385","294","Social Studies","2026-09-21 21:29:47"
"656","386","378","Arabic","2026-09-21 21:29:47"
"657","386","379","English","2026-09-21 21:29:47"
"658","386","288","Mathematics","2026-09-21 21:29:47"
"659","386","291","Science","2026-09-21 21:29:47"
"660","386","294","Social Studies","2026-09-21 21:29:47"
"661","387","378","Arabic","2026-09-21 21:29:47"
"662","387","379","English","2026-09-21 21:29:47"
"663","387","288","Mathematics","2026-09-21 21:29:47"
"664","387","291","Science","2026-09-21 21:29:47"
"665","387","294","Social Studies","2026-09-21 21:29:47"
"666","388","378","Arabic","2026-09-21 21:29:47"
"667","388","379","English","2026-09-21 21:29:47"
"668","388","288","Mathematics","2026-09-21 21:29:47"
"669","388","291","Science","2026-09-21 21:29:47"
"670","388","294","Social Studies","2026-09-21 21:29:47"
"671","389","378","Arabic","2026-09-21 21:29:47"
"672","389","379","English","2026-09-21 21:29:47"
"673","389","288","Mathematics","2026-09-21 21:29:47"
"674","389","291","Science","2026-09-21 21:29:47"
"675","389","294","Social Studies","2026-09-21 21:29:47"
"676","390","378","Arabic","2026-09-21 21:29:47"
"677","390","379","English","2026-09-21 21:29:47"
"678","390","288","Mathematics","2026-09-21 21:29:47"
"679","390","291","Science","2026-09-21 21:29:47"
"680","390","294","Social Studies","2026-09-21 21:29:47"
"706","495","492","History","2026-09-29 20:55:41"
"id","assignment_id","student_id","file_name","stored_file_name","file_path","file_size","file_type","version","submitted_at","is_late","status","created_at","updated_at"
"1","1","349","test_solution.pdf","test_solution_1_349.pdf","uploads/submissions/test_submission_1_349.pdf","102400","application/pdf","1","2026-09-18 20:28:21","0","submitted","2026-09-19 21:28:21","2026-09-19 21:28:21"
"2","2","349","test_solution.pdf","test_solution_2_349.pdf","uploads/submissions/test_submission_2_349.pdf","102400","application/pdf","1","2026-09-18 09:28:21","0","submitted","2026-09-19 21:28:21","2026-09-19 21:28:21"
"3","3","355","test_solution.pdf","test_solution_3_355.pdf","uploads/submissions/test_submission_3_355.pdf","102400","application/pdf","1","2026-09-17 22:28:21","0","submitted","2026-09-19 21:28:21","2026-09-19 21:28:21"
"4","4","355","test_solution.pdf","test_solution_4_355.pdf","uploads/submissions/test_submission_4_355.pdf","102400","application/pdf","1","2026-09-17 21:28:21","0","submitted","2026-09-19 21:28:21","2026-09-19 21:28:21"
"5","5","361","test_solution.pdf","test_solution_5_361.pdf","uploads/submissions/test_submission_5_361.pdf","102400","application/pdf","1","2026-09-18 19:28:21","0","submitted","2026-09-19 21:28:21","2026-09-19 21:28:21"
"6","6","361","test_solution.pdf","test_solution_6_361.pdf","uploads/submissions/test_submission_6_361.pdf","102400","application/pdf","1","2026-09-18 07:28:21","0","submitted","2026-09-19 21:28:21","2026-09-19 21:28:21"
"7","7","351","test_solution.pdf","test_solution_7_351.pdf","uploads/submissions/test_submission_7_351.pdf","102400","application/pdf","1","2026-09-18 09:28:21","0","submitted","2026-09-19 21:28:21","2026-09-19 21:28:21"
"8","7","353","test_solution.pdf","test_solution_7_353.pdf","uploads/submissions/test_submission_7_353.pdf","102400","application/pdf","1","2026-09-19 19:28:21","0","graded","2026-09-19 21:28:21","2026-09-19 21:28:21"
"9","8","351","test_solution.pdf","test_solution_8_351.pdf","uploads/submissions/test_submission_8_351.pdf","102400","application/pdf","1","2026-09-18 11:28:21","0","submitted","2026-09-19 21:28:21","2026-09-19 21:28:21"
"10","8","353","test_solution.pdf","test_solution_8_353.pdf","uploads/submissions/test_submission_8_353.pdf","102400","application/pdf","1","2026-09-19 00:28:21","0","graded","2026-09-19 21:28:21","2026-09-19 21:28:21"
"11","9","356","test_solution.pdf","test_solution_9_356.pdf","uploads/submissions/test_submission_9_356.pdf","102400","application/pdf","1","2026-09-19 03:28:21","0","submitted","2026-09-19 21:28:21","2026-09-19 21:28:21"
"12","10","356","test_solution.pdf","test_solution_10_356.pdf","uploads/submissions/test_submission_10_356.pdf","102400","application/pdf","1","2026-09-18 17:28:21","0","submitted","2026-09-19 21:28:21","2026-09-19 21:28:21"
"13","11","350","test_solution.pdf","test_solution_11_350.pdf","uploads/submissions/test_submission_11_350.pdf","102400","application/pdf","1","2026-09-18 02:28:21","0","submitted","2026-09-19 21:28:21","2026-09-19 21:28:21"
"14","11","352","test_solution.pdf","test_solution_11_352.pdf","uploads/submissions/test_submission_11_352.pdf","102400","application/pdf","1","2026-09-18 11:28:21","0","graded","2026-09-19 21:28:21","2026-09-19 21:28:21"
"15","12","350","test_solution.pdf","test_solution_12_350.pdf","uploads/submissions/test_submission_12_350.pdf","102400","application/pdf","1","2026-09-19 07:28:21","0","submitted","2026-09-19 21:28:21","2026-09-19 21:28:21"
"16","12","352","test_solution.pdf","test_solution_12_352.pdf","uploads/submissions/test_submission_12_352.pdf","102400","application/pdf","1","2026-09-18 09:28:21","0","graded","2026-09-19 21:28:21","2026-09-19 21:28:21"
"17","13","354","test_solution.pdf","test_solution_13_354.pdf","uploads/submissions/test_submission_13_354.pdf","102400","application/pdf","1","2026-09-19 08:28:21","0","submitted","2026-09-19 21:28:21","2026-09-19 21:28:21"
"18","13","357","test_solution.pdf","test_solution_13_357.pdf","uploads/submissions/test_submission_13_357.pdf","102400","application/pdf","1","2026-09-18 08:28:21","0","graded","2026-09-19 21:28:21","2026-09-19 21:28:21"
"19","14","354","test_solution.pdf","test_solution_14_354.pdf","uploads/submissions/test_submission_14_354.pdf","102400","application/pdf","1","2026-09-19 03:28:21","0","submitted","2026-09-19 21:28:21","2026-09-19 21:28:21"
"20","14","357","test_solution.pdf","test_solution_14_357.pdf","uploads/submissions/test_submission_14_357.pdf","102400","application/pdf","1","2026-09-19 02:28:21","0","graded","2026-09-19 21:28:21","2026-09-19 21:28:21"
"21","15","359","test_solution.pdf","test_solution_15_359.pdf","uploads/submissions/test_submission_15_359.pdf","102400","application/pdf","1","2026-09-19 16:28:21","0","submitted","2026-09-19 21:28:21","2026-09-19 21:28:21"
"22","16","359","test_solution.pdf","test_solution_16_359.pdf","uploads/submissions/test_submission_16_359.pdf","102400","application/pdf","1","2026-09-19 14:28:21","0","submitted","2026-09-19 21:28:21","2026-09-19 21:28:21"
"23","17","358","test_solution.pdf","test_solution_17_358.pdf","uploads/submissions/test_submission_17_358.pdf","102400","application/pdf","1","2026-09-18 16:28:21","0","submitted","2026-09-19 21:28:21","2026-09-19 21:28:21"
"24","17","360","test_solution.pdf","test_solution_17_360.pdf","uploads/submissions/test_submission_17_360.pdf","102400","application/pdf","1","2026-09-19 11:28:21","0","graded","2026-09-19 21:28:21","2026-09-19 21:28:21"
"25","18","358","test_solution.pdf","test_solution_18_358.pdf","uploads/submissions/test_submission_18_358.pdf","102400","application/pdf","1","2026-09-19 19:28:21","0","submitted","2026-09-19 21:28:21","2026-09-19 21:28:21"
"26","18","360","test_solution.pdf","test_solution_18_360.pdf","uploads/submissions/test_submission_18_360.pdf","102400","application/pdf","1","2026-09-18 09:28:21","0","graded","2026-09-19 21:28:21","2026-09-19 21:28:21"
"27","19","349","test_solution.pdf","test_solution_19_349.pdf","uploads/submissions/test_submission_19_349.pdf","102400","application/pdf","1","2026-09-18 04:28:21","0","submitted","2026-09-19 21:28:21","2026-09-19 21:28:21"
"28","19","351","test_solution.pdf","test_solution_19_351.pdf","uploads/submissions/test_submission_19_351.pdf","102400","application/pdf","1","2026-09-18 18:28:21","0","graded","2026-09-19 21:28:21","2026-09-19 21:28:21"
"29","19","353","test_solution.pdf","test_solution_19_353.pdf","uploads/submissions/test_submission_19_353.pdf","102400","application/pdf","1","2026-09-19 07:28:21","0","under_review","2026-09-19 21:28:21","2026-09-19 21:28:21"
"30","20","349","test_solution.pdf","test_solution_20_349.pdf","uploads/submissions/test_submission_20_349.pdf","102400","application/pdf","1","2026-09-19 17:28:21","0","submitted","2026-09-19 21:28:21","2026-09-19 21:28:21"
"31","20","351","test_solution.pdf","test_solution_20_351.pdf","uploads/submissions/test_submission_20_351.pdf","102400","application/pdf","1","2026-09-18 18:28:21","0","graded","2026-09-19 21:28:21","2026-09-19 21:28:21"
"32","20","353","test_solution.pdf","test_solution_20_353.pdf","uploads/submissions/test_submission_20_353.pdf","102400","application/pdf","1","2026-09-18 12:28:21","0","under_review","2026-09-19 21:28:21","2026-09-19 21:28:21"
"33","21","356","test_solution.pdf","test_solution_21_356.pdf","uploads/submissions/test_submission_21_356.pdf","102400","application/pdf","1","2026-09-18 00:28:21","0","submitted","2026-09-19 21:28:21","2026-09-19 21:28:21"
"34","22","356","test_solution.pdf","test_solution_22_356.pdf","uploads/submissions/test_submission_22_356.pdf","102400","application/pdf","1","2026-09-19 16:28:21","0","submitted","2026-09-19 21:28:21","2026-09-19 21:28:21"
"35","23","358","test_solution.pdf","test_solution_23_358.pdf","uploads/submissions/test_submission_23_358.pdf","102400","application/pdf","1","2026-09-17 20:28:21","0","submitted","2026-09-19 21:28:21","2026-09-19 21:28:21"
"36","23","361","test_solution.pdf","test_solution_23_361.pdf","uploads/submissions/test_submission_23_361.pdf","102400","application/pdf","1","2026-09-19 11:28:21","0","graded","2026-09-19 21:28:21","2026-09-19 21:28:21"
"37","24","358","test_solution.pdf","test_solution_24_358.pdf","uploads/submissions/test_submission_24_358.pdf","102400","application/pdf","1","2026-09-18 01:28:21","0","submitted","2026-09-19 21:28:21","2026-09-19 21:28:21"
"38","24","361","test_solution.pdf","test_solution_24_361.pdf","uploads/submissions/test_submission_24_361.pdf","102400","application/pdf","1","2026-09-18 21:28:21","0","graded","2026-09-19 21:28:21","2026-09-19 21:28:21"
"39","25","350","test_solution.pdf","test_solution_25_350.pdf","uploads/submissions/test_submission_25_350.pdf","102400","application/pdf","1","2026-09-19 13:28:21","0","submitted","2026-09-19 21:28:21","2026-09-19 21:28:21"
"40","25","352","test_solution.pdf","test_solution_25_352.pdf","uploads/submissions/test_submission_25_352.pdf","102400","application/pdf","1","2026-09-19 00:28:21","0","graded","2026-09-19 21:28:21","2026-09-19 21:28:21"
"41","26","350","test_solution.pdf","test_solution_26_350.pdf","uploads/submissions/test_submission_26_350.pdf","102400","application/pdf","1","2026-09-18 08:28:21","0","submitted","2026-09-19 21:28:21","2026-09-19 21:28:21"
"42","26","352","test_solution.pdf","test_solution_26_352.pdf","uploads/submissions/test_submission_26_352.pdf","102400","application/pdf","1","2026-09-18 00:28:21","0","graded","2026-09-19 21:28:21","2026-09-19 21:28:21"
"43","27","359","test_solution.pdf","test_solution_27_359.pdf","uploads/submissions/test_submission_27_359.pdf","102400","application/pdf","1","2026-09-17 20:28:21","0","submitted","2026-09-19 21:28:21","2026-09-19 21:28:21"
"44","27","360","test_solution.pdf","test_solution_27_360.pdf","uploads/submissions/test_submission_27_360.pdf","102400","application/pdf","1","2026-09-18 22:28:21","0","graded","2026-09-19 21:28:21","2026-09-19 21:28:21"
"45","28","359","test_solution.pdf","test_solution_28_359.pdf","uploads/submissions/test_submission_28_359.pdf","102400","application/pdf","1","2026-09-18 07:28:21","0","submitted","2026-09-19 21:28:21","2026-09-19 21:28:21"
"46","28","360","test_solution.pdf","test_solution_28_360.pdf","uploads/submissions/test_submission_28_360.pdf","102400","application/pdf","1","2026-09-18 13:28:21","0","graded","2026-09-19 21:28:21","2026-09-19 21:28:21"
"47","29","354","test_solution.pdf","test_solution_29_354.pdf","uploads/submissions/test_submission_29_354.pdf","102400","application/pdf","1","2026-09-18 00:28:21","0","submitted","2026-09-19 21:28:21","2026-09-19 21:28:21"
"48","29","355","test_solution.pdf","test_solution_29_355.pdf","uploads/submissions/test_submission_29_355.pdf","102400","application/pdf","1","2026-09-19 15:28:21","0","graded","2026-09-19 21:28:21","2026-09-19 21:28:21"
"49","29","357","test_solution.pdf","test_solution_29_357.pdf","uploads/submissions/test_submission_29_357.pdf","102400","application/pdf","1","2026-09-18 07:28:21","0","under_review","2026-09-19 21:28:21","2026-09-19 21:28:21"
"50","30","354","test_solution.pdf","test_solution_30_354.pdf","uploads/submissions/test_submission_30_354.pdf","102400","application/pdf","1","2026-09-19 04:28:21","0","submitted","2026-09-19 21:28:21","2026-09-19 21:28:21"
"51","30","355","test_solution.pdf","test_solution_30_355.pdf","uploads/submissions/test_submission_30_355.pdf","102400","application/pdf","1","2026-09-19 03:28:21","0","graded","2026-09-19 21:28:21","2026-09-19 21:28:21"
"52","30","357","test_solution.pdf","test_solution_30_357.pdf","uploads/submissions/test_submission_30_357.pdf","102400","application/pdf","1","2026-09-18 00:28:21","0","under_review","2026-09-19 21:28:21","2026-09-19 21:28:21"
"53","31","349","test_solution.pdf","test_solution_31_349.pdf","uploads/submissions/test_submission_31_349.pdf","102400","application/pdf","1","2026-09-19 18:28:21","0","submitted","2026-09-19 21:28:21","2026-09-19 21:28:21"
"54","31","351","test_solution.pdf","test_solution_31_351.pdf","uploads/submissions/test_submission_31_351.pdf","102400","application/pdf","1","2026-09-17 22:28:21","0","graded","2026-09-19 21:28:21","2026-09-19 21:28:21"
"55","31","353","test_solution.pdf","test_solution_31_353.pdf","uploads/submissions/test_submission_31_353.pdf","102400","application/pdf","1","2026-09-18 19:28:21","0","under_review","2026-09-19 21:28:21","2026-09-19 21:28:21"
"56","32","349","test_solution.pdf","test_solution_32_349.pdf","uploads/submissions/test_submission_32_349.pdf","102400","application/pdf","1","2026-09-18 12:28:21","0","submitted","2026-09-19 21:28:21","2026-09-19 21:28:21"
"57","32","351","test_solution.pdf","test_solution_32_351.pdf","uploads/submissions/test_submission_32_351.pdf","102400","application/pdf","1","2026-09-19 10:28:21","0","graded","2026-09-19 21:28:21","2026-09-19 21:28:21"
"58","32","353","test_solution.pdf","test_solution_32_353.pdf","uploads/submissions/test_submission_32_353.pdf","102400","application/pdf","1","2026-09-17 20:28:21","0","under_review","2026-09-19 21:28:21","2026-09-19 21:28:21"
"59","33","355","test_solution.pdf","test_solution_33_355.pdf","uploads/submissions/test_submission_33_355.pdf","102400","application/pdf","1","2026-09-19 16:28:21","0","submitted","2026-09-19 21:28:21","2026-09-19 21:28:21"
"60","33","357","test_solution.pdf","test_solution_33_357.pdf","uploads/submissions/test_submission_33_357.pdf","102400","application/pdf","1","2026-09-17 23:28:21","0","graded","2026-09-19 21:28:21","2026-09-19 21:28:21"
"61","34","355","test_solution.pdf","test_solution_34_355.pdf","uploads/submissions/test_submission_34_355.pdf","102400","application/pdf","1","2026-09-18 11:28:21","0","submitted","2026-09-19 21:28:21","2026-09-19 21:28:21"
"62","34","357","test_solution.pdf","test_solution_34_357.pdf","uploads/submissions/test_submission_34_357.pdf","102400","application/pdf","1","2026-09-19 19:28:21","0","graded","2026-09-19 21:28:21","2026-09-19 21:28:21"
"63","35","361","test_solution.pdf","test_solution_35_361.pdf","uploads/submissions/test_submission_35_361.pdf","102400","application/pdf","1","2026-09-18 16:28:21","0","submitted","2026-09-19 21:28:21","2026-09-19 21:28:21"
"64","36","361","test_solution.pdf","test_solution_36_361.pdf","uploads/submissions/test_submission_36_361.pdf","102400","application/pdf","1","2026-09-19 00:28:21","0","submitted","2026-09-19 21:28:21","2026-09-19 21:28:21"
"65","37","350","test_solution.pdf","test_solution_37_350.pdf","uploads/submissions/test_submission_37_350.pdf","102400","application/pdf","1","2026-09-18 00:28:21","0","submitted","2026-09-19 21:28:21","2026-09-19 21:28:21"
"66","37","352","test_solution.pdf","test_solution_37_352.pdf","uploads/submissions/test_submission_37_352.pdf","102400","application/pdf","1","2026-09-19 10:28:21","0","graded","2026-09-19 21:28:21","2026-09-19 21:28:21"
"67","38","350","test_solution.pdf","test_solution_38_350.pdf","uploads/submissions/test_submission_38_350.pdf","102400","application/pdf","1","2026-09-18 20:28:21","0","submitted","2026-09-19 21:28:21","2026-09-19 21:28:21"
"68","38","352","test_solution.pdf","test_solution_38_352.pdf","uploads/submissions/test_submission_38_352.pdf","102400","application/pdf","1","2026-09-19 15:28:21","0","graded","2026-09-19 21:28:21","2026-09-19 21:28:21"
"69","39","354","test_solution.pdf","test_solution_39_354.pdf","uploads/submissions/test_submission_39_354.pdf","102400","application/pdf","1","2026-09-18 17:28:21","0","submitted","2026-09-19 21:28:21","2026-09-19 21:28:21"
"70","39","356","test_solution.pdf","test_solution_39_356.pdf","uploads/submissions/test_submission_39_356.pdf","102400","application/pdf","1","2026-09-18 17:28:21","0","graded","2026-09-19 21:28:21","2026-09-19 21:28:21"
"71","40","354","test_solution.pdf","test_solution_40_354.pdf","uploads/submissions/test_submission_40_354.pdf","102400","application/pdf","1","2026-09-19 01:28:21","0","submitted","2026-09-19 21:28:21","2026-09-19 21:28:21"
"72","40","356","test_solution.pdf","test_solution_40_356.pdf","uploads/submissions/test_submission_40_356.pdf","102400","application/pdf","1","2026-09-19 13:28:21","0","graded","2026-09-19 21:28:21","2026-09-19 21:28:21"
"73","41","358","test_solution.pdf","test_solution_41_358.pdf","uploads/submissions/test_submission_41_358.pdf","102400","application/pdf","1","2026-09-18 03:28:21","0","submitted","2026-09-19 21:28:21","2026-09-19 21:28:21"
"74","41","359","test_solution.pdf","test_solution_41_359.pdf","uploads/submissions/test_submission_41_359.pdf","102400","application/pdf","1","2026-09-19 12:28:21","0","graded","2026-09-19 21:28:21","2026-09-19 21:28:21"
"75","41","360","test_solution.pdf","test_solution_41_360.pdf","uploads/submissions/test_submission_41_360.pdf","102400","application/pdf","1","2026-09-19 08:28:21","0","under_review","2026-09-19 21:28:21","2026-09-19 21:28:21"
"76","42","358","test_solution.pdf","test_solution_42_358.pdf","uploads/submissions/test_submission_42_358.pdf","102400","application/pdf","1","2026-09-18 00:28:21","0","submitted","2026-09-19 21:28:21","2026-09-19 21:28:21"
"77","42","359","test_solution.pdf","test_solution_42_359.pdf","uploads/submissions/test_submission_42_359.pdf","102400","application/pdf","1","2026-09-19 19:28:21","0","graded","2026-09-19 21:28:21","2026-09-19 21:28:21"
"78","42","360","test_solution.pdf","test_solution_42_360.pdf","uploads/submissions/test_submission_42_360.pdf","102400","application/pdf","1","2026-09-18 18:28:21","0","under_review","2026-09-19 21:28:21","2026-09-19 21:28:21"
"79","43","349","test_solution.pdf","test_solution_43_349.pdf","uploads/submissions/test_submission_43_349.pdf","102400","application/pdf","1","2026-09-18 12:28:21","0","submitted","2026-09-19 21:28:21","2026-09-19 21:28:21"
"80","43","351","test_solution.pdf","test_solution_43_351.pdf","uploads/submissions/test_submission_43_351.pdf","102400","application/pdf","1","2026-09-19 07:28:21","0","graded","2026-09-19 21:28:21","2026-09-19 21:28:21"
"81","43","353","test_solution.pdf","test_solution_43_353.pdf","uploads/submissions/test_submission_43_353.pdf","102400","application/pdf","1","2026-09-18 19:28:21","0","under_review","2026-09-19 21:28:21","2026-09-19 21:28:21"
"82","44","349","test_solution.pdf","test_solution_44_349.pdf","uploads/submissions/test_submission_44_349.pdf","102400","application/pdf","1","2026-09-18 22:28:21","0","submitted","2026-09-19 21:28:21","2026-09-19 21:28:21"
"83","44","351","test_solution.pdf","test_solution_44_351.pdf","uploads/submissions/test_submission_44_351.pdf","102400","application/pdf","1","2026-09-17 23:28:21","0","graded","2026-09-19 21:28:21","2026-09-19 21:28:21"
"84","44","353","test_solution.pdf","test_solution_44_353.pdf","uploads/submissions/test_submission_44_353.pdf","102400","application/pdf","1","2026-09-19 12:28:21","0","under_review","2026-09-19 21:28:21","2026-09-19 21:28:21"
"85","45","355","test_solution.pdf","test_solution_45_355.pdf","uploads/submissions/test_submission_45_355.pdf","102400","application/pdf","1","2026-09-18 11:28:21","0","submitted","2026-09-19 21:28:21","2026-09-19 21:28:21"
"86","45","357","test_solution.pdf","test_solution_45_357.pdf","uploads/submissions/test_submission_45_357.pdf","102400","application/pdf","1","2026-09-17 23:28:21","0","graded","2026-09-19 21:28:21","2026-09-19 21:28:21"
"87","46","355","test_solution.pdf","test_solution_46_355.pdf","uploads/submissions/test_submission_46_355.pdf","102400","application/pdf","1","2026-09-19 11:28:21","0","submitted","2026-09-19 21:28:21","2026-09-19 21:28:21"
"88","46","357","test_solution.pdf","test_solution_46_357.pdf","uploads/submissions/test_submission_46_357.pdf","102400","application/pdf","1","2026-09-18 06:28:21","0","graded","2026-09-19 21:28:21","2026-09-19 21:28:21"
"89","47","358","test_solution.pdf","test_solution_47_358.pdf","uploads/submissions/test_submission_47_358.pdf","102400","application/pdf","1","2026-09-18 02:28:21","0","submitted","2026-09-19 21:28:21","2026-09-19 21:28:21"
"90","47","361","test_solution.pdf","test_solution_47_361.pdf","uploads/submissions/test_submission_47_361.pdf","102400","application/pdf","1","2026-09-18 06:28:21","0","graded","2026-09-19 21:28:21","2026-09-19 21:28:21"
"91","48","358","test_solution.pdf","test_solution_48_358.pdf","uploads/submissions/test_submission_48_358.pdf","102400","application/pdf","1","2026-09-17 21:28:21","0","submitted","2026-09-19 21:28:21","2026-09-19 21:28:21"
"92","48","361","test_solution.pdf","test_solution_48_361.pdf","uploads/submissions/test_submission_48_361.pdf","102400","application/pdf","1","2026-09-19 02:28:21","0","graded","2026-09-19 21:28:21","2026-09-19 21:28:21"
"93","49","350","test_solution.pdf","test_solution_49_350.pdf","uploads/submissions/test_submission_49_350.pdf","102400","application/pdf","1","2026-09-17 21:28:21","0","submitted","2026-09-19 21:28:21","2026-09-19 21:28:21"
"94","49","352","test_solution.pdf","test_solution_49_352.pdf","uploads/submissions/test_submission_49_352.pdf","102400","application/pdf","1","2026-09-19 12:28:21","0","graded","2026-09-19 21:28:21","2026-09-19 21:28:21"
"95","50","350","test_solution.pdf","test_solution_50_350.pdf","uploads/submissions/test_submission_50_350.pdf","102400","application/pdf","1","2026-09-17 23:28:21","0","submitted","2026-09-19 21:28:21","2026-09-19 21:28:21"
"96","50","352","test_solution.pdf","test_solution_50_352.pdf","uploads/submissions/test_submission_50_352.pdf","102400","application/pdf","1","2026-09-18 03:28:21","0","graded","2026-09-19 21:28:21","2026-09-19 21:28:21"
"97","51","354","test_solution.pdf","test_solution_51_354.pdf","uploads/submissions/test_submission_51_354.pdf","102400","application/pdf","1","2026-09-18 06:28:21","0","submitted","2026-09-19 21:28:21","2026-09-19 21:28:21"
"98","51","356","test_solution.pdf","test_solution_51_356.pdf","uploads/submissions/test_submission_51_356.pdf","102400","application/pdf","1","2026-09-19 18:28:21","0","graded","2026-09-19 21:28:21","2026-09-19 21:28:21"
"99","52","354","test_solution.pdf","test_solution_52_354.pdf","uploads/submissions/test_submission_52_354.pdf","102400","application/pdf","1","2026-09-19 15:28:21","0","submitted","2026-09-19 21:28:21","2026-09-19 21:28:21"
"100","52","356","test_solution.pdf","test_solution_52_356.pdf","uploads/submissions/test_submission_52_356.pdf","102400","application/pdf","1","2026-09-19 17:28:22","0","graded","2026-09-19 21:28:22","2026-09-19 21:28:22"
"101","53","359","test_solution.pdf","test_solution_53_359.pdf","uploads/submissions/test_submission_53_359.pdf","102400","application/pdf","1","2026-09-18 16:28:22","0","submitted","2026-09-19 21:28:22","2026-09-19 21:28:22"
"102","53","360","test_solution.pdf","test_solution_53_360.pdf","uploads/submissions/test_submission_53_360.pdf","102400","application/pdf","1","2026-09-18 16:28:22","0","graded","2026-09-19 21:28:22","2026-09-19 21:28:22"
"103","54","359","test_solution.pdf","test_solution_54_359.pdf","uploads/submissions/test_submission_54_359.pdf","102400","application/pdf","1","2026-09-19 14:28:22","0","submitted","2026-09-19 21:28:22","2026-09-19 21:28:22"
"104","54","360","test_solution.pdf","test_solution_54_360.pdf","uploads/submissions/test_submission_54_360.pdf","102400","application/pdf","1","2026-09-18 14:28:22","0","graded","2026-09-19 21:28:22","2026-09-19 21:28:22"
"105","55","349","test_solution.pdf","test_solution_55_349.pdf","uploads/submissions/test_submission_55_349.pdf","102400","application/pdf","1","2026-09-19 05:28:22","0","submitted","2026-09-19 21:28:22","2026-09-19 21:28:22"
"106","55","351","test_solution.pdf","test_solution_55_351.pdf","uploads/submissions/test_submission_55_351.pdf","102400","application/pdf","1","2026-09-17 20:28:22","0","graded","2026-09-19 21:28:22","2026-09-19 21:28:22"
"107","55","353","test_solution.pdf","test_solution_55_353.pdf","uploads/submissions/test_submission_55_353.pdf","102400","application/pdf","1","2026-09-19 18:28:22","0","under_review","2026-09-19 21:28:22","2026-09-19 21:28:22"
"108","56","349","test_solution.pdf","test_solution_56_349.pdf","uploads/submissions/test_submission_56_349.pdf","102400","application/pdf","1","2026-09-19 15:28:22","0","submitted","2026-09-19 21:28:22","2026-09-19 21:28:22"
"109","56","351","test_solution.pdf","test_solution_56_351.pdf","uploads/submissions/test_submission_56_351.pdf","102400","application/pdf","1","2026-09-18 20:28:22","0","graded","2026-09-19 21:28:22","2026-09-19 21:28:22"
"110","56","353","test_solution.pdf","test_solution_56_353.pdf","uploads/submissions/test_submission_56_353.pdf","102400","application/pdf","1","2026-09-19 13:28:22","0","under_review","2026-09-19 21:28:22","2026-09-19 21:28:22"
"111","57","356","test_solution.pdf","test_solution_57_356.pdf","uploads/submissions/test_submission_57_356.pdf","102400","application/pdf","1","2026-09-19 09:28:22","0","submitted","2026-09-19 21:28:22","2026-09-19 21:28:22"
"112","58","356","test_solution.pdf","test_solution_58_356.pdf","uploads/submissions/test_submission_58_356.pdf","102400","application/pdf","1","2026-09-19 01:28:22","0","submitted","2026-09-19 21:28:22","2026-09-19 21:28:22"
"113","59","359","test_solution.pdf","test_solution_59_359.pdf","uploads/submissions/test_submission_59_359.pdf","102400","application/pdf","1","2026-09-18 01:28:22","0","submitted","2026-09-19 21:28:22","2026-09-19 21:28:22"
"114","59","361","test_solution.pdf","test_solution_59_361.pdf","uploads/submissions/test_submission_59_361.pdf","102400","application/pdf","1","2026-09-19 14:28:22","0","graded","2026-09-19 21:28:22","2026-09-19 21:28:22"
"115","60","359","test_solution.pdf","test_solution_60_359.pdf","uploads/submissions/test_submission_60_359.pdf","102400","application/pdf","1","2026-09-18 05:28:22","0","submitted","2026-09-19 21:28:22","2026-09-19 21:28:22"
"116","60","361","test_solution.pdf","test_solution_60_361.pdf","uploads/submissions/test_submission_60_361.pdf","102400","application/pdf","1","2026-09-19 12:28:22","0","graded","2026-09-19 21:28:22","2026-09-19 21:28:22"
"117","61","350","test_solution.pdf","test_solution_61_350.pdf","uploads/submissions/test_submission_61_350.pdf","102400","application/pdf","1","2026-09-19 00:28:22","0","submitted","2026-09-19 21:28:22","2026-09-19 21:28:22"
"118","61","352","test_solution.pdf","test_solution_61_352.pdf","uploads/submissions/test_submission_61_352.pdf","102400","application/pdf","1","2026-09-18 09:28:22","0","graded","2026-09-19 21:28:22","2026-09-19 21:28:22"
"119","62","350","test_solution.pdf","test_solution_62_350.pdf","uploads/submissions/test_submission_62_350.pdf","102400","application/pdf","1","2026-09-18 17:28:22","0","submitted","2026-09-19 21:28:22","2026-09-19 21:28:22"
"120","62","352","test_solution.pdf","test_solution_62_352.pdf","uploads/submissions/test_submission_62_352.pdf","102400","application/pdf","1","2026-09-19 05:28:22","0","graded","2026-09-19 21:28:22","2026-09-19 21:28:22"
"121","63","358","test_solution.pdf","test_solution_63_358.pdf","uploads/submissions/test_submission_63_358.pdf","102400","application/pdf","1","2026-09-19 04:28:22","0","submitted","2026-09-19 21:28:22","2026-09-19 21:28:22"
"122","63","360","test_solution.pdf","test_solution_63_360.pdf","uploads/submissions/test_submission_63_360.pdf","102400","application/pdf","1","2026-09-19 06:28:22","0","graded","2026-09-19 21:28:22","2026-09-19 21:28:22"
"123","64","358","test_solution.pdf","test_solution_64_358.pdf","uploads/submissions/test_submission_64_358.pdf","102400","application/pdf","1","2026-09-19 11:28:22","0","submitted","2026-09-19 21:28:22","2026-09-19 21:28:22"
"124","64","360","test_solution.pdf","test_solution_64_360.pdf","uploads/submissions/test_submission_64_360.pdf","102400","application/pdf","1","2026-09-18 16:28:22","0","graded","2026-09-19 21:28:22","2026-09-19 21:28:22"
"125","65","354","test_solution.pdf","test_solution_65_354.pdf","uploads/submissions/test_submission_65_354.pdf","102400","application/pdf","1","2026-09-18 04:28:22","0","submitted","2026-09-19 21:28:22","2026-09-19 21:28:22"
"126","65","355","test_solution.pdf","test_solution_65_355.pdf","uploads/submissions/test_submission_65_355.pdf","102400","application/pdf","1","2026-09-18 09:28:22","0","graded","2026-09-19 21:28:22","2026-09-19 21:28:22"
"127","65","357","test_solution.pdf","test_solution_65_357.pdf","uploads/submissions/test_submission_65_357.pdf","102400","application/pdf","1","2026-09-19 03:28:22","0","under_review","2026-09-19 21:28:22","2026-09-19 21:28:22"
"128","66","354","test_solution.pdf","test_solution_66_354.pdf","uploads/submissions/test_submission_66_354.pdf","102400","application/pdf","1","2026-09-18 22:28:22","0","submitted","2026-09-19 21:28:22","2026-09-19 21:28:22"
"129","66","355","test_solution.pdf","test_solution_66_355.pdf","uploads/submissions/test_submission_66_355.pdf","102400","application/pdf","1","2026-09-19 01:28:22","0","graded","2026-09-19 21:28:22","2026-09-19 21:28:22"
"130","66","357","test_solution.pdf","test_solution_66_357.pdf","uploads/submissions/test_submission_66_357.pdf","102400","application/pdf","1","2026-09-18 13:28:22","0","under_review","2026-09-19 21:28:22","2026-09-19 21:28:22"
"131","67","362","test_solution.pdf","test_solution_67_362.pdf","uploads/submissions/test_submission_67_362.pdf","102400","application/pdf","1","2026-09-18 03:28:22","0","submitted","2026-09-19 21:28:22","2026-09-19 21:28:22"
"132","67","363","test_solution.pdf","test_solution_67_363.pdf","uploads/submissions/test_submission_67_363.pdf","102400","application/pdf","1","2026-09-18 10:28:22","0","graded","2026-09-19 21:28:22","2026-09-19 21:28:22"
"133","67","364","test_solution.pdf","test_solution_67_364.pdf","uploads/submissions/test_submission_67_364.pdf","102400","application/pdf","1","2026-09-18 01:28:22","0","under_review","2026-09-19 21:28:22","2026-09-19 21:28:22"
"134","68","362","test_solution.pdf","test_solution_68_362.pdf","uploads/submissions/test_submission_68_362.pdf","102400","application/pdf","1","2026-09-18 14:28:22","0","submitted","2026-09-19 21:28:22","2026-09-19 21:28:22"
"135","68","363","test_solution.pdf","test_solution_68_363.pdf","uploads/submissions/test_submission_68_363.pdf","102400","application/pdf","1","2026-09-19 11:28:22","0","graded","2026-09-19 21:28:22","2026-09-19 21:28:22"
"136","68","364","test_solution.pdf","test_solution_68_364.pdf","uploads/submissions/test_submission_68_364.pdf","102400","application/pdf","1","2026-09-19 07:28:22","0","under_review","2026-09-19 21:28:22","2026-09-19 21:28:22"
"137","69","362","test_solution.pdf","test_solution_69_362.pdf","uploads/submissions/test_submission_69_362.pdf","102400","application/pdf","1","2026-09-18 19:28:22","0","submitted","2026-09-19 21:28:22","2026-09-19 21:28:22"
"138","69","363","test_solution.pdf","test_solution_69_363.pdf","uploads/submissions/test_submission_69_363.pdf","102400","application/pdf","1","2026-09-17 21:28:22","0","graded","2026-09-19 21:28:22","2026-09-19 21:28:22"
"139","69","364","test_solution.pdf","test_solution_69_364.pdf","uploads/submissions/test_submission_69_364.pdf","102400","application/pdf","1","2026-09-19 04:28:22","0","under_review","2026-09-19 21:28:22","2026-09-19 21:28:22"
"140","70","362","test_solution.pdf","test_solution_70_362.pdf","uploads/submissions/test_submission_70_362.pdf","102400","application/pdf","1","2026-09-17 21:28:22","0","submitted","2026-09-19 21:28:22","2026-09-19 21:28:22"
"141","70","363","test_solution.pdf","test_solution_70_363.pdf","uploads/submissions/test_submission_70_363.pdf","102400","application/pdf","1","2026-09-18 08:28:22","0","graded","2026-09-19 21:28:22","2026-09-19 21:28:22"
"142","70","364","test_solution.pdf","test_solution_70_364.pdf","uploads/submissions/test_submission_70_364.pdf","102400","application/pdf","1","2026-09-18 14:28:22","0","under_review","2026-09-19 21:28:22","2026-09-19 21:28:22"
"143","71","362","test_solution.pdf","test_solution_71_362.pdf","uploads/submissions/test_submission_71_362.pdf","102400","application/pdf","1","2026-09-19 09:28:22","0","submitted","2026-09-19 21:28:22","2026-09-19 21:28:22"
"144","71","363","test_solution.pdf","test_solution_71_363.pdf","uploads/submissions/test_submission_71_363.pdf","102400","application/pdf","1","2026-09-17 23:28:22","0","graded","2026-09-19 21:28:22","2026-09-19 21:28:22"
"145","71","364","test_solution.pdf","test_solution_71_364.pdf","uploads/submissions/test_submission_71_364.pdf","102400","application/pdf","1","2026-09-19 03:28:22","0","under_review","2026-09-19 21:28:22","2026-09-19 21:28:22"
"146","72","362","test_solution.pdf","test_solution_72_362.pdf","uploads/submissions/test_submission_72_362.pdf","102400","application/pdf","1","2026-09-18 07:28:22","0","submitted","2026-09-19 21:28:22","2026-09-19 21:28:22"
"147","72","363","test_solution.pdf","test_solution_72_363.pdf","uploads/submissions/test_submission_72_363.pdf","102400","application/pdf","1","2026-09-18 09:28:22","0","graded","2026-09-19 21:28:22","2026-09-19 21:28:22"
"148","72","364","test_solution.pdf","test_solution_72_364.pdf","uploads/submissions/test_submission_72_364.pdf","102400","application/pdf","1","2026-09-18 14:28:22","0","under_review","2026-09-19 21:28:22","2026-09-19 21:28:22"
"149","73","362","test_solution.pdf","test_solution_73_362.pdf","uploads/submissions/test_submission_73_362.pdf","102400","application/pdf","1","2026-09-18 07:28:22","0","submitted","2026-09-19 21:28:22","2026-09-19 21:28:22"
"150","73","363","test_solution.pdf","test_solution_73_363.pdf","uploads/submissions/test_submission_73_363.pdf","102400","application/pdf","1","2026-09-18 19:28:22","0","graded","2026-09-19 21:28:22","2026-09-19 21:28:22"
"151","73","364","test_solution.pdf","test_solution_73_364.pdf","uploads/submissions/test_submission_73_364.pdf","102400","application/pdf","1","2026-09-18 03:28:22","0","under_review","2026-09-19 21:28:22","2026-09-19 21:28:22"
"152","74","362","test_solution.pdf","test_solution_74_362.pdf","uploads/submissions/test_submission_74_362.pdf","102400","application/pdf","1","2026-09-18 07:28:22","0","submitted","2026-09-19 21:28:22","2026-09-19 21:28:22"
"153","74","363","test_solution.pdf","test_solution_74_363.pdf","uploads/submissions/test_submission_74_363.pdf","102400","application/pdf","1","2026-09-18 12:28:22","0","graded","2026-09-19 21:28:22","2026-09-19 21:28:22"
"154","74","364","test_solution.pdf","test_solution_74_364.pdf","uploads/submissions/test_submission_74_364.pdf","102400","application/pdf","1","2026-09-18 22:28:22","0","under_review","2026-09-19 21:28:22","2026-09-19 21:28:22"
"155","75","362","test_solution.pdf","test_solution_75_362.pdf","uploads/submissions/test_submission_75_362.pdf","102400","application/pdf","1","2026-09-19 17:28:22","0","submitted","2026-09-19 21:28:22","2026-09-19 21:28:22"
"156","75","363","test_solution.pdf","test_solution_75_363.pdf","uploads/submissions/test_submission_75_363.pdf","102400","application/pdf","1","2026-09-18 11:28:22","0","graded","2026-09-19 21:28:22","2026-09-19 21:28:22"
"157","75","364","test_solution.pdf","test_solution_75_364.pdf","uploads/submissions/test_submission_75_364.pdf","102400","application/pdf","1","2026-09-17 20:28:22","0","under_review","2026-09-19 21:28:22","2026-09-19 21:28:22"
"158","76","362","test_solution.pdf","test_solution_76_362.pdf","uploads/submissions/test_submission_76_362.pdf","102400","application/pdf","1","2026-09-19 13:28:22","0","submitted","2026-09-19 21:28:22","2026-09-19 21:28:22"
"159","76","363","test_solution.pdf","test_solution_76_363.pdf","uploads/submissions/test_submission_76_363.pdf","102400","application/pdf","1","2026-09-18 15:28:22","0","graded","2026-09-19 21:28:22","2026-09-19 21:28:22"
"160","76","364","test_solution.pdf","test_solution_76_364.pdf","uploads/submissions/test_submission_76_364.pdf","102400","application/pdf","1","2026-09-18 19:28:22","0","under_review","2026-09-19 21:28:22","2026-09-19 21:28:22"
"161","77","362","test_solution.pdf","test_solution_77_362.pdf","uploads/submissions/test_submission_77_362.pdf","102400","application/pdf","1","2026-09-18 02:28:22","0","submitted","2026-09-19 21:28:22","2026-09-19 21:28:22"
"162","77","363","test_solution.pdf","test_solution_77_363.pdf","uploads/submissions/test_submission_77_363.pdf","102400","application/pdf","1","2026-09-19 01:28:22","0","graded","2026-09-19 21:28:22","2026-09-19 21:28:22"
"163","77","364","test_solution.pdf","test_solution_77_364.pdf","uploads/submissions/test_submission_77_364.pdf","102400","application/pdf","1","2026-09-18 10:28:22","0","under_review","2026-09-19 21:28:22","2026-09-19 21:28:22"
"164","78","362","test_solution.pdf","test_solution_78_362.pdf","uploads/submissions/test_submission_78_362.pdf","102400","application/pdf","1","2026-09-19 12:28:22","0","submitted","2026-09-19 21:28:22","2026-09-19 21:28:22"
"165","78","363","test_solution.pdf","test_solution_78_363.pdf","uploads/submissions/test_submission_78_363.pdf","102400","application/pdf","1","2026-09-17 20:28:22","0","graded","2026-09-19 21:28:22","2026-09-19 21:28:22"
"166","78","364","test_solution.pdf","test_solution_78_364.pdf","uploads/submissions/test_submission_78_364.pdf","102400","application/pdf","1","2026-09-19 07:28:22","0","under_review","2026-09-19 21:28:22","2026-09-19 21:28:22"
"167","80","384","submission_v1.pdf","sub_temp_1790015286_237.pdf","uploads/submissions/sub_temp_1790015286_237.pdf","103","application/pdf","1","2026-09-15 20:28:06","0","pending_teacher","2026-09-21 21:28:06","2026-09-21 21:28:06"
"168","80","385","submission_v1.pdf","sub_temp_1790015286_807.pdf","uploads/submissions/sub_temp_1790015286_807.pdf","101","application/pdf","1","2026-09-16 20:28:06","0","graded","2026-09-21 21:28:06","2026-09-21 21:28:06"
"169","80","386","submission_v1.pdf","sub_temp_1790015286_109.pdf","uploads/submissions/sub_temp_1790015286_109.pdf","106","application/pdf","1","2026-09-17 20:28:06","0","graded","2026-09-21 21:28:06","2026-09-21 21:28:06"
"170","80","387","submission_v1.pdf","sub_temp_1790015286_115.pdf","uploads/submissions/sub_temp_1790015286_115.pdf","94","application/pdf","1","2026-09-14 20:28:06","0","graded","2026-09-21 21:28:06","2026-09-21 21:28:06"
"171","80","387","submission_v2.pdf","sub_temp_1790015286_475.pdf","uploads/submissions/sub_temp_1790015286_475.pdf","94","application/pdf","2","2026-09-16 20:28:06","0","graded","2026-09-21 21:28:06","2026-09-21 21:28:06"
"172","80","387","submission_v3.pdf","sub_temp_1790015286_247.pdf","uploads/submissions/sub_temp_1790015286_247.pdf","117","application/pdf","3","2026-09-18 20:28:06","0","under_review","2026-09-21 21:28:06","2026-09-21 21:28:06"
"173","81","388","submission_v1.pdf","sub_temp_1790015286_108.pdf","uploads/submissions/sub_temp_1790015286_108.pdf","104","application/pdf","1","2026-09-13 20:28:06","0","graded","2026-09-21 21:28:06","2026-09-21 21:28:06"
"174","82","385","submission_v1.pdf","sub_temp_1790015286_220.pdf","uploads/submissions/sub_temp_1790015286_220.pdf","99","application/pdf","1","2026-09-18 20:28:06","0","recheck","2026-09-21 21:28:06","2026-09-21 21:28:06"
"175","81","384","submission_v2.pdf","sub_temp_1790015286_184.pdf","uploads/submissions/sub_temp_1790015286_184.pdf","116","application/pdf","2","2026-09-20 20:28:06","1","under_review","2026-09-21 21:28:06","2026-09-21 21:28:06"
"176","3","404","submission_v1.pdf","sub_temp_1790015301_815.pdf","uploads/submissions/sub_temp_1790015301_815.pdf","98","application/pdf","1","2026-09-20 20:28:21","0","under_review","2026-09-21 21:28:21","2026-09-21 21:28:21"
"177","3","410","submission_v1.pdf","sub_temp_1790015301_920.pdf","uploads/submissions/sub_temp_1790015301_920.pdf","98","application/pdf","1","2026-09-20 20:28:21","0","pending_teacher","2026-09-21 21:28:21","2026-09-21 21:28:21"
"178","3","413","submission_v1.pdf","sub_temp_1790015301_200.pdf","uploads/submissions/sub_temp_1790015301_200.pdf","98","application/pdf","1","2026-09-20 20:28:21","0","graded","2026-09-21 21:28:21","2026-09-21 21:28:21"
"179","4","404","submission_v1.pdf","sub_temp_1790015301_962.pdf","uploads/submissions/sub_temp_1790015301_962.pdf","98","application/pdf","1","2026-09-20 20:28:21","0","under_review","2026-09-21 21:28:21","2026-09-21 21:28:21"
"180","4","410","submission_v1.pdf","sub_temp_1790015301_939.pdf","uploads/submissions/sub_temp_1790015301_939.pdf","98","application/pdf","1","2026-09-20 20:28:21","0","pending_teacher","2026-09-21 21:28:21","2026-09-21 21:28:21"
"181","4","413","submission_v1.pdf","sub_temp_1790015301_369.pdf","uploads/submissions/sub_temp_1790015301_369.pdf","98","application/pdf","1","2026-09-20 20:28:21","0","graded","2026-09-21 21:28:21","2026-09-21 21:28:21"
"182","79","355","submission_v1.pdf","sub_temp_1790015301_447.pdf","uploads/submissions/sub_temp_1790015301_447.pdf","99","application/pdf","1","2026-09-20 20:28:21","0","submitted","2026-09-21 21:28:21","2026-09-21 21:28:21"
"183","79","404","submission_v1.pdf","sub_temp_1790015301_792.pdf","uploads/submissions/sub_temp_1790015301_792.pdf","99","application/pdf","1","2026-09-20 20:28:21","0","under_review","2026-09-21 21:28:21","2026-09-21 21:28:21"
"184","79","410","submission_v1.pdf","sub_temp_1790015301_625.pdf","uploads/submissions/sub_temp_1790015301_625.pdf","99","application/pdf","1","2026-09-20 20:28:21","0","pending_teacher","2026-09-21 21:28:21","2026-09-21 21:28:21"
"185","79","413","submission_v1.pdf","sub_temp_1790015301_510.pdf","uploads/submissions/sub_temp_1790015301_510.pdf","99","application/pdf","1","2026-09-20 20:28:21","0","graded","2026-09-21 21:28:21","2026-09-21 21:28:21"
"186","7","406","submission_v1.pdf","sub_temp_1790015301_172.pdf","uploads/submissions/sub_temp_1790015301_172.pdf","98","application/pdf","1","2026-09-20 20:28:21","0","pending_teacher","2026-09-21 21:28:21","2026-09-21 21:28:21"
"187","7","412","submission_v1.pdf","sub_temp_1790015301_931.pdf","uploads/submissions/sub_temp_1790015301_931.pdf","98","application/pdf","1","2026-09-20 20:28:21","0","graded","2026-09-21 21:28:21","2026-09-21 21:28:21"
"188","8","406","submission_v1.pdf","sub_temp_1790015301_637.pdf","uploads/submissions/sub_temp_1790015301_637.pdf","98","application/pdf","1","2026-09-20 20:28:21","0","pending_teacher","2026-09-21 21:28:21","2026-09-21 21:28:21"
"189","8","412","submission_v1.pdf","sub_temp_1790015301_455.pdf","uploads/submissions/sub_temp_1790015301_455.pdf","98","application/pdf","1","2026-09-20 20:28:21","0","graded","2026-09-21 21:28:21","2026-09-21 21:28:21"
"190","9","416","submission_v1.pdf","sub_temp_1790015301_530.pdf","uploads/submissions/sub_temp_1790015301_530.pdf","98","application/pdf","1","2026-09-20 20:28:21","0","under_review","2026-09-21 21:28:21","2026-09-21 21:28:21"
"191","9","431","submission_v1.pdf","sub_temp_1790015301_806.pdf","uploads/submissions/sub_temp_1790015301_806.pdf","98","application/pdf","1","2026-09-20 20:28:21","0","pending_teacher","2026-09-21 21:28:21","2026-09-21 21:28:21"
"192","9","437","submission_v1.pdf","sub_temp_1790015301_467.pdf","uploads/submissions/sub_temp_1790015301_467.pdf","98","application/pdf","1","2026-09-20 20:28:21","0","graded","2026-09-21 21:28:21","2026-09-21 21:28:21"
"193","10","416","submission_v1.pdf","sub_temp_1790015301_559.pdf","uploads/submissions/sub_temp_1790015301_559.pdf","99","application/pdf","1","2026-09-20 20:28:21","0","under_review","2026-09-21 21:28:21","2026-09-21 21:28:21"
"194","10","431","submission_v1.pdf","sub_temp_1790015301_396.pdf","uploads/submissions/sub_temp_1790015301_396.pdf","99","application/pdf","1","2026-09-20 20:28:21","0","pending_teacher","2026-09-21 21:28:21","2026-09-21 21:28:21"
"195","10","437","submission_v1.pdf","sub_temp_1790015301_636.pdf","uploads/submissions/sub_temp_1790015301_636.pdf","99","application/pdf","1","2026-09-20 20:28:21","0","graded","2026-09-21 21:28:21","2026-09-21 21:28:21"
"196","11","403","submission_v1.pdf","sub_temp_1790015301_530.pdf","uploads/submissions/sub_temp_1790015301_530.pdf","99","application/pdf","1","2026-09-20 20:28:21","0","pending_teacher","2026-09-21 21:28:21","2026-09-21 21:28:21"
"197","11","409","submission_v1.pdf","sub_temp_1790015301_755.pdf","uploads/submissions/sub_temp_1790015301_755.pdf","99","application/pdf","1","2026-09-20 20:28:21","0","graded","2026-09-21 21:28:21","2026-09-21 21:28:21"
"198","12","403","submission_v1.pdf","sub_temp_1790015301_943.pdf","uploads/submissions/sub_temp_1790015301_943.pdf","99","application/pdf","1","2026-09-20 20:28:21","0","pending_teacher","2026-09-21 21:28:21","2026-09-21 21:28:21"
"199","12","409","submission_v1.pdf","sub_temp_1790015301_393.pdf","uploads/submissions/sub_temp_1790015301_393.pdf","99","application/pdf","1","2026-09-20 20:28:21","0","graded","2026-09-21 21:28:21","2026-09-21 21:28:21"
"200","13","407","submission_v1.pdf","sub_temp_1790015301_853.pdf","uploads/submissions/sub_temp_1790015301_853.pdf","99","application/pdf","1","2026-09-20 20:28:21","0","pending_teacher","2026-09-21 21:28:21","2026-09-21 21:28:21"
"201","13","422","submission_v1.pdf","sub_temp_1790015301_528.pdf","uploads/submissions/sub_temp_1790015301_528.pdf","99","application/pdf","1","2026-09-20 20:28:21","0","graded","2026-09-21 21:28:21","2026-09-21 21:28:21"
"202","14","407","submission_v1.pdf","sub_temp_1790015301_958.pdf","uploads/submissions/sub_temp_1790015301_958.pdf","99","application/pdf","1","2026-09-20 20:28:21","0","pending_teacher","2026-09-21 21:28:21","2026-09-21 21:28:21"
"203","14","422","submission_v1.pdf","sub_temp_1790015301_154.pdf","uploads/submissions/sub_temp_1790015301_154.pdf","99","application/pdf","1","2026-09-20 20:28:21","0","graded","2026-09-21 21:28:21","2026-09-21 21:28:21"
"204","15","411","submission_v1.pdf","sub_temp_1790015301_487.pdf","uploads/submissions/sub_temp_1790015301_487.pdf","99","application/pdf","1","2026-09-20 20:28:21","0","under_review","2026-09-21 21:28:21","2026-09-21 21:28:21"
"205","15","417","submission_v1.pdf","sub_temp_1790015301_849.pdf","uploads/submissions/sub_temp_1790015301_849.pdf","99","application/pdf","1","2026-09-20 20:28:21","0","pending_teacher","2026-09-21 21:28:21","2026-09-21 21:28:21"
"206","15","426","submission_v1.pdf","sub_temp_1790015301_358.pdf","uploads/submissions/sub_temp_1790015301_358.pdf","99","application/pdf","1","2026-09-20 20:28:21","0","graded","2026-09-21 21:28:21","2026-09-21 21:28:21"
"207","16","411","submission_v1.pdf","sub_temp_1790015301_347.pdf","uploads/submissions/sub_temp_1790015301_347.pdf","99","application/pdf","1","2026-09-20 20:28:21","0","under_review","2026-09-21 21:28:21","2026-09-21 21:28:21"
"208","16","417","submission_v1.pdf","sub_temp_1790015301_368.pdf","uploads/submissions/sub_temp_1790015301_368.pdf","99","application/pdf","1","2026-09-20 20:28:21","0","pending_teacher","2026-09-21 21:28:21","2026-09-21 21:28:21"
"209","16","426","submission_v1.pdf","sub_temp_1790015301_943.pdf","uploads/submissions/sub_temp_1790015301_943.pdf","99","application/pdf","1","2026-09-20 20:28:21","0","graded","2026-09-21 21:28:21","2026-09-21 21:28:21"
"210","17","405","submission_v1.pdf","sub_temp_1790015301_704.pdf","uploads/submissions/sub_temp_1790015301_704.pdf","99","application/pdf","1","2026-09-20 20:28:21","0","pending_teacher","2026-09-21 21:28:21","2026-09-21 21:28:21"
"211","17","408","submission_v1.pdf","sub_temp_1790015301_999.pdf","uploads/submissions/sub_temp_1790015301_999.pdf","99","application/pdf","1","2026-09-20 20:28:21","0","graded","2026-09-21 21:28:21","2026-09-21 21:28:21"
"212","18","405","submission_v1.pdf","sub_temp_1790015301_469.pdf","uploads/submissions/sub_temp_1790015301_469.pdf","99","application/pdf","1","2026-09-20 20:28:21","0","pending_teacher","2026-09-21 21:28:21","2026-09-21 21:28:21"
"213","18","408","submission_v1.pdf","sub_temp_1790015301_499.pdf","uploads/submissions/sub_temp_1790015301_499.pdf","99","application/pdf","1","2026-09-20 20:28:21","0","graded","2026-09-21 21:28:21","2026-09-21 21:28:21"
"214","19","406","submission_v1.pdf","sub_temp_1790015301_576.pdf","uploads/submissions/sub_temp_1790015301_576.pdf","99","application/pdf","1","2026-09-20 20:28:21","0","graded","2026-09-21 21:28:21","2026-09-21 21:28:21"
"215","20","406","submission_v1.pdf","sub_temp_1790015301_379.pdf","uploads/submissions/sub_temp_1790015301_379.pdf","99","application/pdf","1","2026-09-20 20:28:21","0","graded","2026-09-21 21:28:21","2026-09-21 21:28:21"
"216","21","431","submission_v1.pdf","sub_temp_1790015301_735.pdf","uploads/submissions/sub_temp_1790015301_735.pdf","99","application/pdf","1","2026-09-20 20:28:21","0","under_review","2026-09-21 21:28:21","2026-09-21 21:28:21"
"217","21","443","submission_v1.pdf","sub_temp_1790015301_195.pdf","uploads/submissions/sub_temp_1790015301_195.pdf","99","application/pdf","1","2026-09-20 20:28:21","0","pending_teacher","2026-09-21 21:28:21","2026-09-21 21:28:21"
"218","21","455","submission_v1.pdf","sub_temp_1790015301_745.pdf","uploads/submissions/sub_temp_1790015301_745.pdf","99","application/pdf","1","2026-09-20 20:28:21","0","graded","2026-09-21 21:28:21","2026-09-21 21:28:21"
"219","22","431","submission_v1.pdf","sub_temp_1790015301_554.pdf","uploads/submissions/sub_temp_1790015301_554.pdf","99","application/pdf","1","2026-09-20 20:28:21","0","under_review","2026-09-21 21:28:21","2026-09-21 21:28:21"
"220","22","443","submission_v1.pdf","sub_temp_1790015301_196.pdf","uploads/submissions/sub_temp_1790015301_196.pdf","99","application/pdf","1","2026-09-20 20:28:21","0","pending_teacher","2026-09-21 21:28:21","2026-09-21 21:28:21"
"221","22","455","submission_v1.pdf","sub_temp_1790015301_303.pdf","uploads/submissions/sub_temp_1790015301_303.pdf","99","application/pdf","1","2026-09-20 20:28:21","0","graded","2026-09-21 21:28:21","2026-09-21 21:28:21"
"222","23","414","submission_v1.pdf","sub_temp_1790015301_756.pdf","uploads/submissions/sub_temp_1790015301_756.pdf","99","application/pdf","1","2026-09-20 20:28:21","0","pending_teacher","2026-09-21 21:28:21","2026-09-21 21:28:21"
"223","23","417","submission_v1.pdf","sub_temp_1790015301_611.pdf","uploads/submissions/sub_temp_1790015301_611.pdf","99","application/pdf","1","2026-09-20 20:28:21","0","graded","2026-09-21 21:28:21","2026-09-21 21:28:21"
"224","24","414","submission_v1.pdf","sub_temp_1790015301_712.pdf","uploads/submissions/sub_temp_1790015301_712.pdf","99","application/pdf","1","2026-09-20 20:28:21","0","pending_teacher","2026-09-21 21:28:21","2026-09-21 21:28:21"
"225","24","417","submission_v1.pdf","sub_temp_1790015301_717.pdf","uploads/submissions/sub_temp_1790015301_717.pdf","99","application/pdf","1","2026-09-20 20:28:21","0","graded","2026-09-21 21:28:21","2026-09-21 21:28:21"
"226","25","403","submission_v1.pdf","sub_temp_1790015301_944.pdf","uploads/submissions/sub_temp_1790015301_944.pdf","99","application/pdf","1","2026-09-20 20:28:21","0","pending_teacher","2026-09-21 21:28:21","2026-09-21 21:28:21"
"227","25","415","submission_v1.pdf","sub_temp_1790015301_869.pdf","uploads/submissions/sub_temp_1790015301_869.pdf","99","application/pdf","1","2026-09-20 20:28:21","0","graded","2026-09-21 21:28:21","2026-09-21 21:28:21"
"228","26","403","submission_v1.pdf","sub_temp_1790015301_654.pdf","uploads/submissions/sub_temp_1790015301_654.pdf","99","application/pdf","1","2026-09-20 20:28:21","0","pending_teacher","2026-09-21 21:28:21","2026-09-21 21:28:21"
"229","26","415","submission_v1.pdf","sub_temp_1790015301_212.pdf","uploads/submissions/sub_temp_1790015301_212.pdf","99","application/pdf","1","2026-09-20 20:28:21","0","graded","2026-09-21 21:28:21","2026-09-21 21:28:21"
"230","27","405","submission_v1.pdf","sub_temp_1790015301_534.pdf","uploads/submissions/sub_temp_1790015301_534.pdf","99","application/pdf","1","2026-09-20 20:28:21","0","pending_teacher","2026-09-21 21:28:21","2026-09-21 21:28:21"
"231","27","408","submission_v1.pdf","sub_temp_1790015301_932.pdf","uploads/submissions/sub_temp_1790015301_932.pdf","99","application/pdf","1","2026-09-20 20:28:21","0","graded","2026-09-21 21:28:21","2026-09-21 21:28:21"
"232","28","405","submission_v1.pdf","sub_temp_1790015301_344.pdf","uploads/submissions/sub_temp_1790015301_344.pdf","99","application/pdf","1","2026-09-20 20:28:21","0","pending_teacher","2026-09-21 21:28:21","2026-09-21 21:28:21"
"233","28","408","submission_v1.pdf","sub_temp_1790015301_341.pdf","uploads/submissions/sub_temp_1790015301_341.pdf","99","application/pdf","1","2026-09-20 20:28:21","0","graded","2026-09-21 21:28:21","2026-09-21 21:28:21"
"234","29","404","submission_v1.pdf","sub_temp_1790015301_423.pdf","uploads/submissions/sub_temp_1790015301_423.pdf","99","application/pdf","1","2026-09-20 20:28:21","0","graded","2026-09-21 21:28:21","2026-09-21 21:28:21"
"235","30","404","submission_v1.pdf","sub_temp_1790015301_289.pdf","uploads/submissions/sub_temp_1790015301_289.pdf","99","application/pdf","1","2026-09-20 20:28:21","0","graded","2026-09-21 21:28:21","2026-09-21 21:28:21"
"236","31","384","submission_v1.pdf","sub_temp_1790015301_651.pdf","uploads/submissions/sub_temp_1790015301_651.pdf","99","application/pdf","1","2026-09-20 20:28:21","0","graded","2026-09-21 21:28:21","2026-09-21 21:28:21"
"237","32","384","submission_v1.pdf","sub_temp_1790015301_650.pdf","uploads/submissions/sub_temp_1790015301_650.pdf","99","application/pdf","1","2026-09-20 20:28:21","0","graded","2026-09-21 21:28:21","2026-09-21 21:28:21"
"238","33","416","submission_v1.pdf","sub_temp_1790015301_820.pdf","uploads/submissions/sub_temp_1790015301_820.pdf","99","application/pdf","1","2026-09-20 20:28:21","0","pending_teacher","2026-09-21 21:28:21","2026-09-21 21:28:21"
"239","33","419","submission_v1.pdf","sub_temp_1790015301_373.pdf","uploads/submissions/sub_temp_1790015301_373.pdf","99","application/pdf","1","2026-09-20 20:28:21","0","graded","2026-09-21 21:28:21","2026-09-21 21:28:21"
"240","34","416","submission_v1.pdf","sub_temp_1790015302_438.pdf","uploads/submissions/sub_temp_1790015302_438.pdf","99","application/pdf","1","2026-09-20 20:28:22","0","pending_teacher","2026-09-21 21:28:22","2026-09-21 21:28:22"
"241","34","419","submission_v1.pdf","sub_temp_1790015302_684.pdf","uploads/submissions/sub_temp_1790015302_684.pdf","99","application/pdf","1","2026-09-20 20:28:22","0","graded","2026-09-21 21:28:22","2026-09-21 21:28:22"
"242","37","403","submission_v1.pdf","sub_temp_1790015302_577.pdf","uploads/submissions/sub_temp_1790015302_577.pdf","99","application/pdf","1","2026-09-20 20:28:22","0","pending_teacher","2026-09-21 21:28:22","2026-09-21 21:28:22"
"243","37","406","submission_v1.pdf","sub_temp_1790015302_756.pdf","uploads/submissions/sub_temp_1790015302_756.pdf","99","application/pdf","1","2026-09-20 20:28:22","0","graded","2026-09-21 21:28:22","2026-09-21 21:28:22"
"244","38","403","submission_v1.pdf","sub_temp_1790015302_602.pdf","uploads/submissions/sub_temp_1790015302_602.pdf","99","application/pdf","1","2026-09-20 20:28:22","0","pending_teacher","2026-09-21 21:28:22","2026-09-21 21:28:22"
"245","38","406","submission_v1.pdf","sub_temp_1790015302_429.pdf","uploads/submissions/sub_temp_1790015302_429.pdf","99","application/pdf","1","2026-09-20 20:28:22","0","graded","2026-09-21 21:28:22","2026-09-21 21:28:22"
"246","39","404","submission_v1.pdf","sub_temp_1790015302_178.pdf","uploads/submissions/sub_temp_1790015302_178.pdf","99","application/pdf","1","2026-09-20 20:28:22","0","pending_teacher","2026-09-21 21:28:22","2026-09-21 21:28:22"
"247","39","407","submission_v1.pdf","sub_temp_1790015302_174.pdf","uploads/submissions/sub_temp_1790015302_174.pdf","99","application/pdf","1","2026-09-20 20:28:22","0","graded","2026-09-21 21:28:22","2026-09-21 21:28:22"
"248","40","404","submission_v1.pdf","sub_temp_1790015302_781.pdf","uploads/submissions/sub_temp_1790015302_781.pdf","99","application/pdf","1","2026-09-20 20:28:22","0","pending_teacher","2026-09-21 21:28:22","2026-09-21 21:28:22"
"249","40","407","submission_v1.pdf","sub_temp_1790015302_670.pdf","uploads/submissions/sub_temp_1790015302_670.pdf","99","application/pdf","1","2026-09-20 20:28:22","0","graded","2026-09-21 21:28:22","2026-09-21 21:28:22"
"250","41","405","submission_v1.pdf","sub_temp_1790015302_313.pdf","uploads/submissions/sub_temp_1790015302_313.pdf","99","application/pdf","1","2026-09-20 20:28:22","0","graded","2026-09-21 21:28:22","2026-09-21 21:28:22"
"251","42","405","submission_v1.pdf","sub_temp_1790015302_289.pdf","uploads/submissions/sub_temp_1790015302_289.pdf","99","application/pdf","1","2026-09-20 20:28:22","0","graded","2026-09-21 21:28:22","2026-09-21 21:28:22"
"252","43","384","submission_v1.pdf","sub_temp_1790015302_938.pdf","uploads/submissions/sub_temp_1790015302_938.pdf","99","application/pdf","1","2026-09-20 20:28:22","0","graded","2026-09-21 21:28:22","2026-09-21 21:28:22"
"253","44","384","submission_v1.pdf","sub_temp_1790015302_824.pdf","uploads/submissions/sub_temp_1790015302_824.pdf","99","application/pdf","1","2026-09-20 20:28:22","0","graded","2026-09-21 21:28:22","2026-09-21 21:28:22"
"254","45","419","submission_v1.pdf","sub_temp_1790015302_596.pdf","uploads/submissions/sub_temp_1790015302_596.pdf","99","application/pdf","1","2026-09-20 20:28:22","0","pending_teacher","2026-09-21 21:28:22","2026-09-21 21:28:22"
"255","45","422","submission_v1.pdf","sub_temp_1790015302_208.pdf","uploads/submissions/sub_temp_1790015302_208.pdf","99","application/pdf","1","2026-09-20 20:28:22","0","graded","2026-09-21 21:28:22","2026-09-21 21:28:22"
"256","46","419","submission_v1.pdf","sub_temp_1790015302_236.pdf","uploads/submissions/sub_temp_1790015302_236.pdf","99","application/pdf","1","2026-09-20 20:28:22","0","pending_teacher","2026-09-21 21:28:22","2026-09-21 21:28:22"
"257","46","422","submission_v1.pdf","sub_temp_1790015302_704.pdf","uploads/submissions/sub_temp_1790015302_704.pdf","99","application/pdf","1","2026-09-20 20:28:22","0","graded","2026-09-21 21:28:22","2026-09-21 21:28:22"
"258","49","403","submission_v1.pdf","sub_temp_1790015302_816.pdf","uploads/submissions/sub_temp_1790015302_816.pdf","99","application/pdf","1","2026-09-20 20:28:22","0","pending_teacher","2026-09-21 21:28:22","2026-09-21 21:28:22"
"259","49","406","submission_v1.pdf","sub_temp_1790015302_908.pdf","uploads/submissions/sub_temp_1790015302_908.pdf","99","application/pdf","1","2026-09-20 20:28:22","0","graded","2026-09-21 21:28:22","2026-09-21 21:28:22"
"260","50","403","submission_v1.pdf","sub_temp_1790015302_586.pdf","uploads/submissions/sub_temp_1790015302_586.pdf","99","application/pdf","1","2026-09-20 20:28:22","0","pending_teacher","2026-09-21 21:28:22","2026-09-21 21:28:22"
"261","50","406","submission_v1.pdf","sub_temp_1790015302_221.pdf","uploads/submissions/sub_temp_1790015302_221.pdf","99","application/pdf","1","2026-09-20 20:28:22","0","graded","2026-09-21 21:28:22","2026-09-21 21:28:22"
"262","51","404","submission_v1.pdf","sub_temp_1790015302_926.pdf","uploads/submissions/sub_temp_1790015302_926.pdf","99","application/pdf","1","2026-09-20 20:28:22","0","pending_teacher","2026-09-21 21:28:22","2026-09-21 21:28:22"
"263","51","407","submission_v1.pdf","sub_temp_1790015302_817.pdf","uploads/submissions/sub_temp_1790015302_817.pdf","99","application/pdf","1","2026-09-20 20:28:22","0","graded","2026-09-21 21:28:22","2026-09-21 21:28:22"
"264","52","404","submission_v1.pdf","sub_temp_1790015302_906.pdf","uploads/submissions/sub_temp_1790015302_906.pdf","99","application/pdf","1","2026-09-20 20:28:22","0","pending_teacher","2026-09-21 21:28:22","2026-09-21 21:28:22"
"265","52","407","submission_v1.pdf","sub_temp_1790015302_235.pdf","uploads/submissions/sub_temp_1790015302_235.pdf","99","application/pdf","1","2026-09-20 20:28:22","0","graded","2026-09-21 21:28:22","2026-09-21 21:28:22"
"266","53","405","submission_v1.pdf","sub_temp_1790015302_125.pdf","uploads/submissions/sub_temp_1790015302_125.pdf","99","application/pdf","1","2026-09-20 20:28:22","0","pending_teacher","2026-09-21 21:28:22","2026-09-21 21:28:22"
"267","53","408","submission_v1.pdf","sub_temp_1790015302_276.pdf","uploads/submissions/sub_temp_1790015302_276.pdf","99","application/pdf","1","2026-09-20 20:28:22","0","graded","2026-09-21 21:28:22","2026-09-21 21:28:22"
"268","54","405","submission_v1.pdf","sub_temp_1790015302_201.pdf","uploads/submissions/sub_temp_1790015302_201.pdf","99","application/pdf","1","2026-09-20 20:28:22","0","pending_teacher","2026-09-21 21:28:22","2026-09-21 21:28:22"
"269","54","408","submission_v1.pdf","sub_temp_1790015302_472.pdf","uploads/submissions/sub_temp_1790015302_472.pdf","99","application/pdf","1","2026-09-20 20:28:22","0","graded","2026-09-21 21:28:22","2026-09-21 21:28:22"
"270","55","384","submission_v1.pdf","sub_temp_1790015302_891.pdf","uploads/submissions/sub_temp_1790015302_891.pdf","99","application/pdf","1","2026-09-20 20:28:22","0","graded","2026-09-21 21:28:22","2026-09-21 21:28:22"
"271","56","384","submission_v1.pdf","sub_temp_1790015302_665.pdf","uploads/submissions/sub_temp_1790015302_665.pdf","99","application/pdf","1","2026-09-20 20:28:22","0","graded","2026-09-21 21:28:22","2026-09-21 21:28:22"
"272","59","417","submission_v1.pdf","sub_temp_1790015302_860.pdf","uploads/submissions/sub_temp_1790015302_860.pdf","99","application/pdf","1","2026-09-20 20:28:22","0","pending_teacher","2026-09-21 21:28:22","2026-09-21 21:28:22"
"273","59","420","submission_v1.pdf","sub_temp_1790015302_189.pdf","uploads/submissions/sub_temp_1790015302_189.pdf","99","application/pdf","1","2026-09-20 20:28:22","0","graded","2026-09-21 21:28:22","2026-09-21 21:28:22"
"274","60","417","submission_v1.pdf","sub_temp_1790015302_677.pdf","uploads/submissions/sub_temp_1790015302_677.pdf","99","application/pdf","1","2026-09-20 20:28:22","0","pending_teacher","2026-09-21 21:28:22","2026-09-21 21:28:22"
"275","60","420","submission_v1.pdf","sub_temp_1790015302_990.pdf","uploads/submissions/sub_temp_1790015302_990.pdf","99","application/pdf","1","2026-09-20 20:28:22","0","graded","2026-09-21 21:28:22","2026-09-21 21:28:22"
"276","61","403","submission_v1.pdf","sub_temp_1790015302_340.pdf","uploads/submissions/sub_temp_1790015302_340.pdf","99","application/pdf","1","2026-09-20 20:28:22","0","pending_teacher","2026-09-21 21:28:22","2026-09-21 21:28:22"
"277","61","406","submission_v1.pdf","sub_temp_1790015302_323.pdf","uploads/submissions/sub_temp_1790015302_323.pdf","99","application/pdf","1","2026-09-20 20:28:22","0","graded","2026-09-21 21:28:22","2026-09-21 21:28:22"
"278","62","403","submission_v1.pdf","sub_temp_1790015302_204.pdf","uploads/submissions/sub_temp_1790015302_204.pdf","99","application/pdf","1","2026-09-20 20:28:22","0","pending_teacher","2026-09-21 21:28:22","2026-09-21 21:28:22"
"279","62","406","submission_v1.pdf","sub_temp_1790015302_682.pdf","uploads/submissions/sub_temp_1790015302_682.pdf","99","application/pdf","1","2026-09-20 20:28:22","0","graded","2026-09-21 21:28:22","2026-09-21 21:28:22"
"280","63","405","submission_v1.pdf","sub_temp_1790015302_557.pdf","uploads/submissions/sub_temp_1790015302_557.pdf","99","application/pdf","1","2026-09-20 20:28:22","0","pending_teacher","2026-09-21 21:28:22","2026-09-21 21:28:22"
"281","63","408","submission_v1.pdf","sub_temp_1790015302_300.pdf","uploads/submissions/sub_temp_1790015302_300.pdf","99","application/pdf","1","2026-09-20 20:28:22","0","graded","2026-09-21 21:28:22","2026-09-21 21:28:22"
"282","64","405","submission_v1.pdf","sub_temp_1790015302_717.pdf","uploads/submissions/sub_temp_1790015302_717.pdf","99","application/pdf","1","2026-09-20 20:28:22","0","pending_teacher","2026-09-21 21:28:22","2026-09-21 21:28:22"
"283","64","408","submission_v1.pdf","sub_temp_1790015302_750.pdf","uploads/submissions/sub_temp_1790015302_750.pdf","99","application/pdf","1","2026-09-20 20:28:22","0","graded","2026-09-21 21:28:22","2026-09-21 21:28:22"
"284","65","404","submission_v1.pdf","sub_temp_1790015302_185.pdf","uploads/submissions/sub_temp_1790015302_185.pdf","99","application/pdf","1","2026-09-20 20:28:22","0","graded","2026-09-21 21:28:22","2026-09-21 21:28:22"
"285","66","404","submission_v1.pdf","sub_temp_1790015302_100.pdf","uploads/submissions/sub_temp_1790015302_100.pdf","99","application/pdf","1","2026-09-20 20:28:22","0","graded","2026-09-21 21:28:22","2026-09-21 21:28:22"
"286","67","391","submission_v1.pdf","sub_temp_1790015302_655.pdf","uploads/submissions/sub_temp_1790015302_655.pdf","99","application/pdf","1","2026-09-20 20:28:22","0","graded","2026-09-21 21:28:22","2026-09-21 21:28:22"
"287","68","391","submission_v1.pdf","sub_temp_1790015302_899.pdf","uploads/submissions/sub_temp_1790015302_899.pdf","99","application/pdf","1","2026-09-20 20:28:22","0","graded","2026-09-21 21:28:22","2026-09-21 21:28:22"
"288","69","391","submission_v1.pdf","sub_temp_1790015302_939.pdf","uploads/submissions/sub_temp_1790015302_939.pdf","99","application/pdf","1","2026-09-20 20:28:22","0","graded","2026-09-21 21:28:22","2026-09-21 21:28:22"
"289","70","391","submission_v1.pdf","sub_temp_1790015302_367.pdf","uploads/submissions/sub_temp_1790015302_367.pdf","99","application/pdf","1","2026-09-20 20:28:22","0","graded","2026-09-21 21:28:22","2026-09-21 21:28:22"
"290","71","391","submission_v1.pdf","sub_temp_1790015302_112.pdf","uploads/submissions/sub_temp_1790015302_112.pdf","99","application/pdf","1","2026-09-20 20:28:22","0","graded","2026-09-21 21:28:22","2026-09-21 21:28:22"
"291","72","391","submission_v1.pdf","sub_temp_1790015302_584.pdf","uploads/submissions/sub_temp_1790015302_584.pdf","99","application/pdf","1","2026-09-20 20:28:22","0","graded","2026-09-21 21:28:22","2026-09-21 21:28:22"
"292","73","391","submission_v1.pdf","sub_temp_1790015302_124.pdf","uploads/submissions/sub_temp_1790015302_124.pdf","99","application/pdf","1","2026-09-20 20:28:22","0","graded","2026-09-21 21:28:22","2026-09-21 21:28:22"
"293","74","391","submission_v1.pdf","sub_temp_1790015302_832.pdf","uploads/submissions/sub_temp_1790015302_832.pdf","99","application/pdf","1","2026-09-20 20:28:22","0","graded","2026-09-21 21:28:22","2026-09-21 21:28:22"
"294","75","391","submission_v1.pdf","sub_temp_1790015302_503.pdf","uploads/submissions/sub_temp_1790015302_503.pdf","99","application/pdf","1","2026-09-20 20:28:22","0","graded","2026-09-21 21:28:22","2026-09-21 21:28:22"
"295","76","391","submission_v1.pdf","sub_temp_1790015302_319.pdf","uploads/submissions/sub_temp_1790015302_319.pdf","99","application/pdf","1","2026-09-20 20:28:22","0","graded","2026-09-21 21:28:22","2026-09-21 21:28:22"
"296","77","391","submission_v1.pdf","sub_temp_1790015302_431.pdf","uploads/submissions/sub_temp_1790015302_431.pdf","99","application/pdf","1","2026-09-20 20:28:22","0","graded","2026-09-21 21:28:22","2026-09-21 21:28:22"
"297","78","391","submission_v1.pdf","sub_temp_1790015302_125.pdf","uploads/submissions/sub_temp_1790015302_125.pdf","99","application/pdf","1","2026-09-20 20:28:22","0","graded","2026-09-21 21:28:22","2026-09-21 21:28:22"
"298","81","385","submission_v1.pdf","sub_temp_1790015302_632.pdf","uploads/submissions/sub_temp_1790015302_632.pdf","99","application/pdf","1","2026-09-17 20:27:20","1","under_review","2026-09-21 21:28:22","2026-09-21 21:28:22"
"299","81","386","submission_v1.pdf","sub_temp_1790015302_386.pdf","uploads/submissions/sub_temp_1790015302_386.pdf","99","application/pdf","1","2026-09-14 20:27:20","0","pending_teacher","2026-09-21 21:28:22","2026-09-21 21:28:22"
"300","81","387","submission_v1.pdf","sub_temp_1790015302_590.pdf","uploads/submissions/sub_temp_1790015302_590.pdf","99","application/pdf","1","2026-09-14 20:27:20","0","graded","2026-09-21 21:28:22","2026-09-21 21:28:22"
"301","82","384","submission_v1.pdf","sub_temp_1790015302_784.pdf","uploads/submissions/sub_temp_1790015302_784.pdf","99","application/pdf","1","2026-09-20 20:28:22","0","submitted","2026-09-21 21:28:22","2026-09-21 21:28:22"
"302","82","386","submission_v1.pdf","sub_temp_1790015302_150.pdf","uploads/submissions/sub_temp_1790015302_150.pdf","99","application/pdf","1","2026-09-20 20:28:22","0","pending_teacher","2026-09-21 21:28:22","2026-09-21 21:28:22"
"303","82","387","submission_v1.pdf","sub_temp_1790015302_482.pdf","uploads/submissions/sub_temp_1790015302_482.pdf","99","application/pdf","1","2026-09-20 20:28:22","0","graded","2026-09-21 21:28:22","2026-09-21 21:28:22"
"304","83","384","submission_v1.pdf","sub_temp_1790015302_109.pdf","uploads/submissions/sub_temp_1790015302_109.pdf","99","application/pdf","1","2026-09-14 20:27:20","0","submitted","2026-09-21 21:28:22","2026-09-21 21:28:22"
"305","83","385","submission_v1.pdf","sub_temp_1790015302_879.pdf","uploads/submissions/sub_temp_1790015302_879.pdf","99","application/pdf","1","2026-09-17 20:27:20","1","under_review","2026-09-21 21:28:22","2026-09-21 21:28:22"
"306","83","386","submission_v1.pdf","sub_temp_1790015302_997.pdf","uploads/submissions/sub_temp_1790015302_997.pdf","99","application/pdf","1","2026-09-14 20:27:20","0","pending_teacher","2026-09-21 21:28:22","2026-09-21 21:28:22"
"307","83","387","submission_v1.pdf","sub_temp_1790015302_583.pdf","uploads/submissions/sub_temp_1790015302_583.pdf","99","application/pdf","1","2026-09-14 20:27:20","0","graded","2026-09-21 21:28:22","2026-09-21 21:28:22"
"308","84","495","Abdelrhman_Islam_CV.docx","sub_84_495_v1_1790708935.docx","uploads/submissions/sub_84_495_v1_1790708935.docx","14784","application/vnd.openxmlformats-officedocument.wordprocessingml.document","1","2026-09-29 22:08:55","0","graded","2026-09-29 22:08:55","2026-09-29 22:14:34"
"309","85","495","download.pdf","sub_85_495_v1_1790709387.pdf","uploads/submissions/sub_85_495_v1_1790709387.pdf","155918","application/pdf","1","2026-09-29 22:16:27","0","submitted","2026-09-29 22:16:27","2026-09-29 22:16:27"
"310","85","495","download.pdf","sub_85_495_v2_1790709394.pdf","uploads/submissions/sub_85_495_v2_1790709394.pdf","155918","application/pdf","2","2026-09-29 22:16:34","0","submitted","2026-09-29 22:16:34","2026-09-29 22:16:34"
"311","85","495","download.pdf","sub_85_495_v3_1790709401.pdf","uploads/submissions/sub_85_495_v3_1790709401.pdf","155918","application/pdf","3","2026-09-29 22:16:41","0","submitted","2026-09-29 22:16:41","2026-09-29 22:16:41"
"312","90","495","download.pdf","sub_90_495_v1_1790709689.pdf","uploads/submissions/sub_90_495_v1_1790709689.pdf","155918","application/pdf","1","2026-09-29 22:21:29","0","submitted","2026-09-29 22:21:29","2026-09-29 22:21:29"
"313","92","495","download.pdf","sub_92_495_v1_1790710643.pdf","uploads/submissions/sub_92_495_v1_1790710643.pdf","155918","application/pdf","1","2026-09-29 22:37:23","1","pending_teacher","2026-09-29 22:37:23","2026-09-29 22:39:33"
"id","teacher_id","assistant_id","assigned_at"
"1","280","303","2026-09-19 21:28:20"
"2","280","304","2026-09-19 21:28:20"
"3","281","305","2026-09-19 21:28:20"
"4","281","306","2026-09-19 21:28:20"
"5","282","307","2026-09-19 21:28:20"
"6","282","308","2026-09-19 21:28:20"
"7","283","309","2026-09-19 21:28:20"
"8","283","310","2026-09-19 21:28:20"
"9","284","311","2026-09-19 21:28:20"
"10","284","312","2026-09-19 21:28:20"
"11","285","313","2026-09-19 21:28:20"
"12","285","314","2026-09-19 21:28:20"
"13","286","315","2026-09-19 21:28:20"
"14","286","316","2026-09-19 21:28:20"
"15","287","317","2026-09-19 21:28:20"
"16","287","318","2026-09-19 21:28:20"
"17","288","319","2026-09-19 21:28:20"
"18","288","320","2026-09-19 21:28:20"
"19","289","321","2026-09-19 21:28:20"
"20","289","322","2026-09-19 21:28:20"
"21","290","323","2026-09-19 21:28:20"
"22","290","324","2026-09-19 21:28:20"
"23","291","325","2026-09-19 21:28:20"
"24","291","326","2026-09-19 21:28:20"
"25","292","327","2026-09-19 21:28:20"
"26","292","328","2026-09-19 21:28:20"
"27","293","329","2026-09-19 21:28:20"
"28","293","330","2026-09-19 21:28:20"
"29","294","331","2026-09-19 21:28:20"
"30","294","332","2026-09-19 21:28:20"
"31","295","333","2026-09-19 21:28:20"
"32","295","334","2026-09-19 21:28:20"
"33","296","335","2026-09-19 21:28:20"
"34","296","336","2026-09-19 21:28:20"
"35","297","337","2026-09-19 21:28:20"
"36","297","338","2026-09-19 21:28:20"
"37","298","339","2026-09-19 21:28:20"
"38","298","340","2026-09-19 21:28:20"
"39","299","341","2026-09-19 21:28:20"
"40","299","342","2026-09-19 21:28:20"
"41","300","343","2026-09-19 21:28:20"
"42","300","344","2026-09-19 21:28:20"
"43","301","345","2026-09-19 21:28:20"
"44","301","346","2026-09-19 21:28:20"
"45","302","347","2026-09-19 21:28:20"
"46","302","348","2026-09-19 21:28:21"
"55","378","380","2026-09-21 21:29:47"
"56","378","381","2026-09-21 21:29:47"
"57","379","382","2026-09-21 21:29:47"
"58","379","383","2026-09-21 21:29:47"
"59","492","493","2026-09-29 20:47:33"
"60","492","494","2026-09-29 20:48:37"
"id","teacher_id","grade_level","created_at"
"1","280","First Year of Middle School","2026-09-19 21:28:20"
"2","280","Second Year of Middle School","2026-09-19 21:28:20"
"3","280","Third Year of Middle School","2026-09-19 21:28:20"
"4","281","First Year of Middle School","2026-09-19 21:28:20"
"5","281","Second Year of Middle School","2026-09-19 21:28:20"
"6","282","First Year of Middle School","2026-09-19 21:28:20"
"7","283","Second Year of Middle School","2026-09-19 21:28:20"
"8","283","Third Year of Middle School","2026-09-19 21:28:20"
"9","284","Third Year of Middle School","2026-09-19 21:28:20"
"10","285","First Year of Middle School","2026-09-19 21:28:20"
"11","285","Second Year of Middle School","2026-09-19 21:28:20"
"12","285","Third Year of Middle School","2026-09-19 21:28:20"
"13","286","First Year of Middle School","2026-09-19 21:28:20"
"14","286","Third Year of Middle School","2026-09-19 21:28:20"
"15","287","Second Year of Middle School","2026-09-19 21:28:20"
"16","288","First Year of Middle School","2026-09-19 21:28:20"
"17","288","Second Year of Middle School","2026-09-19 21:28:20"
"18","288","Third Year of Middle School","2026-09-19 21:28:20"
"19","289","First Year of Middle School","2026-09-19 21:28:20"
"20","289","Second Year of Middle School","2026-09-19 21:28:20"
"21","290","Third Year of Middle School","2026-09-19 21:28:20"
"22","291","First Year of Middle School","2026-09-19 21:28:20"
"23","291","Second Year of Middle School","2026-09-19 21:28:20"
"24","291","Third Year of Middle School","2026-09-19 21:28:20"
"25","292","First Year of Middle School","2026-09-19 21:28:20"
"26","293","Second Year of Middle School","2026-09-19 21:28:20"
"27","293","Third Year of Middle School","2026-09-19 21:28:20"
"28","294","First Year of Middle School","2026-09-19 21:28:20"
"29","294","Second Year of Middle School","2026-09-19 21:28:20"
"30","294","Third Year of Middle School","2026-09-19 21:28:20"
"31","295","First Year of Middle School","2026-09-19 21:28:20"
"32","295","Third Year of Middle School","2026-09-19 21:28:20"
"33","296","Second Year of Middle School","2026-09-19 21:28:20"
"34","297","First Year of High School","2026-09-19 21:28:20"
"35","298","First Year of High School","2026-09-19 21:28:20"
"36","299","First Year of High School","2026-09-19 21:28:20"
"37","300","First Year of High School","2026-09-19 21:28:20"
"38","301","First Year of High School","2026-09-19 21:28:20"
"39","302","First Year of High School","2026-09-19 21:28:20"
"45","378","First Year of Middle School","2026-09-21 21:29:47"
"46","379","First Year of Middle School","2026-09-21 21:29:47"
"47","492","First Year of High School","2026-09-29 20:44:36"
"id","submission_id","teacher_id","decision","comment","reviewed_at"
"3","12","2","approved","done from teacher","2026-09-08 13:26:39"
"8","15","2","recheck","Please review responsiveness on mobile screens for question 3.","2026-09-09 12:38:21"
"9","15","2","approved","Grade approved and published","2026-09-09 12:38:21"
"10","16","2","approved","Approved by Instructor","2026-09-10 17:47:40"
"11","16","2","approved","Approved by Instructor","2026-09-14 17:23:06"
"12","17","9","approved","Approved by Instructor","2026-09-15 00:10:30"
"13","168","378","approved","Approved by Instructor Mr. Hesham Selim","2026-09-21 21:28:06"
"14","169","378","approved","Direct evaluation by Mr. Hesham Selim","2026-09-21 21:28:06"
"15","174","379","recheck","Please re-verify question 3 marks.","2026-09-21 21:28:06"
"16","178","280","approved","Approved by Instructor","2026-09-21 21:28:21"
"17","181","280","approved","Approved by Instructor","2026-09-21 21:28:21"
"18","185","280","approved","Approved by Instructor","2026-09-21 21:28:21"
"19","187","281","approved","Approved by Instructor","2026-09-21 21:28:21"
"20","189","281","approved","Approved by Instructor","2026-09-21 21:28:21"
"21","192","281","approved","Approved by Instructor","2026-09-21 21:28:21"
"22","195","281","approved","Approved by Instructor","2026-09-21 21:28:21"
"23","197","282","approved","Approved by Instructor","2026-09-21 21:28:21"
"24","199","282","approved","Approved by Instructor","2026-09-21 21:28:21"
"25","201","283","approved","Approved by Instructor","2026-09-21 21:28:21"
"26","203","283","approved","Approved by Instructor","2026-09-21 21:28:21"
"27","206","283","approved","Approved by Instructor","2026-09-21 21:28:21"
"28","209","283","approved","Approved by Instructor","2026-09-21 21:28:21"
"29","211","284","approved","Approved by Instructor","2026-09-21 21:28:21"
"30","213","284","approved","Approved by Instructor","2026-09-21 21:28:21"
"31","214","285","approved","Approved by Instructor","2026-09-21 21:28:21"
"32","215","285","approved","Approved by Instructor","2026-09-21 21:28:21"
"33","218","285","approved","Approved by Instructor","2026-09-21 21:28:21"
"34","221","285","approved","Approved by Instructor","2026-09-21 21:28:21"
"35","223","285","approved","Approved by Instructor","2026-09-21 21:28:21"
"36","225","285","approved","Approved by Instructor","2026-09-21 21:28:21"
"37","227","286","approved","Approved by Instructor","2026-09-21 21:28:21"
"38","229","286","approved","Approved by Instructor","2026-09-21 21:28:21"
"39","231","286","approved","Approved by Instructor","2026-09-21 21:28:21"
"40","233","286","approved","Approved by Instructor","2026-09-21 21:28:21"
"41","234","287","approved","Approved by Instructor","2026-09-21 21:28:21"
"42","235","287","approved","Approved by Instructor","2026-09-21 21:28:21"
"43","236","288","approved","Approved by Instructor","2026-09-21 21:28:21"
"44","237","288","approved","Approved by Instructor","2026-09-21 21:28:21"
"45","239","288","approved","Approved by Instructor","2026-09-21 21:28:21"
"46","241","288","approved","Approved by Instructor","2026-09-21 21:28:22"
"47","243","289","approved","Approved by Instructor","2026-09-21 21:28:22"
"48","245","289","approved","Approved by Instructor","2026-09-21 21:28:22"
"49","247","289","approved","Approved by Instructor","2026-09-21 21:28:22"
"50","249","289","approved","Approved by Instructor","2026-09-21 21:28:22"
"51","250","290","approved","Approved by Instructor","2026-09-21 21:28:22"
"52","251","290","approved","Approved by Instructor","2026-09-21 21:28:22"
"53","252","291","approved","Approved by Instructor","2026-09-21 21:28:22"
"54","253","291","approved","Approved by Instructor","2026-09-21 21:28:22"
"55","255","291","approved","Approved by Instructor","2026-09-21 21:28:22"
"56","257","291","approved","Approved by Instructor","2026-09-21 21:28:22"
"57","259","292","approved","Approved by Instructor","2026-09-21 21:28:22"
"58","261","292","approved","Approved by Instructor","2026-09-21 21:28:22"
"59","263","293","approved","Approved by Instructor","2026-09-21 21:28:22"
"60","265","293","approved","Approved by Instructor","2026-09-21 21:28:22"
"61","267","293","approved","Approved by Instructor","2026-09-21 21:28:22"
"62","269","293","approved","Approved by Instructor","2026-09-21 21:28:22"
"63","270","294","approved","Approved by Instructor","2026-09-21 21:28:22"
"64","271","294","approved","Approved by Instructor","2026-09-21 21:28:22"
"65","273","294","approved","Approved by Instructor","2026-09-21 21:28:22"
"66","275","294","approved","Approved by Instructor","2026-09-21 21:28:22"
"67","277","295","approved","Approved by Instructor","2026-09-21 21:28:22"
"68","279","295","approved","Approved by Instructor","2026-09-21 21:28:22"
"69","281","295","approved","Approved by Instructor","2026-09-21 21:28:22"
"70","283","295","approved","Approved by Instructor","2026-09-21 21:28:22"
"71","284","296","approved","Approved by Instructor","2026-09-21 21:28:22"
"72","285","296","approved","Approved by Instructor","2026-09-21 21:28:22"
"73","286","297","approved","Approved by Instructor","2026-09-21 21:28:22"
"74","287","297","approved","Approved by Instructor","2026-09-21 21:28:22"
"75","288","298","approved","Approved by Instructor","2026-09-21 21:28:22"
"76","289","298","approved","Approved by Instructor","2026-09-21 21:28:22"
"77","290","299","approved","Approved by Instructor","2026-09-21 21:28:22"
"78","291","299","approved","Approved by Instructor","2026-09-21 21:28:22"
"79","292","300","approved","Approved by Instructor","2026-09-21 21:28:22"
"80","293","300","approved","Approved by Instructor","2026-09-21 21:28:22"
"81","294","301","approved","Approved by Instructor","2026-09-21 21:28:22"
"82","295","301","approved","Approved by Instructor","2026-09-21 21:28:22"
"83","296","302","approved","Approved by Instructor","2026-09-21 21:28:22"
"84","297","302","approved","Approved by Instructor","2026-09-21 21:28:22"
"85","300","378","approved","Approved by Instructor","2026-09-21 21:28:22"
"86","303","379","approved","Approved by Instructor","2026-09-21 21:28:22"
"87","307","379","approved","Approved by Instructor","2026-09-21 21:28:22"
"88","168","378","approved","Approved by Instructor Mr. Hesham Selim","2026-09-21 21:29:47"
"89","169","378","approved","Direct evaluation by Mr. Hesham Selim","2026-09-21 21:29:47"
"90","174","379","recheck","Please re-verify question 3 marks.","2026-09-21 21:29:47"
"91","308","492","approved","good","2026-09-29 22:14:34"
"id","name","email","password","role","grade_level","subject","is_active","created_at","updated_at"
"7","System Administrator","admin@test.com","$2y$10$tcrFa1iNhliNPpirFlTHseNcX40/P2DEDoBmd6WJ1sZO33CxlQAdi","admin",NULL,NULL,"1","2026-09-08 12:28:12","2026-09-29 20:19:38"
"280","Mr. Mohamed Reda","mohamed.reda@school.eg","$2y$10$ft24m1CN7Yr1iUJB3LR4t.r.FJd6aGcJxzPCuB32DXpx2uAktLGwK","teacher",NULL,"Arabic","1","2026-09-19 21:28:20","2026-09-19 21:28:20"
"281","Mr. Ahmed El-Sayed","ahmed.elsayed@school.eg","$2y$10$ft24m1CN7Yr1iUJB3LR4t.r.FJd6aGcJxzPCuB32DXpx2uAktLGwK","teacher",NULL,"Arabic","1","2026-09-19 21:28:20","2026-09-19 21:28:20"
"282","Mr. Mahmoud Hassan","mahmoud.hassan@school.eg","$2y$10$ft24m1CN7Yr1iUJB3LR4t.r.FJd6aGcJxzPCuB32DXpx2uAktLGwK","teacher",NULL,"Arabic","1","2026-09-19 21:28:20","2026-09-19 21:28:20"
"283","Mr. Khaled Mansour","khaled.mansour@school.eg","$2y$10$ft24m1CN7Yr1iUJB3LR4t.r.FJd6aGcJxzPCuB32DXpx2uAktLGwK","teacher",NULL,"Arabic","1","2026-09-19 21:28:20","2026-09-19 21:28:20"
"284","Ms. Fatma El-Zahraa","fatma.elzahraa@school.eg","$2y$10$ft24m1CN7Yr1iUJB3LR4t.r.FJd6aGcJxzPCuB32DXpx2uAktLGwK","teacher",NULL,"Arabic","1","2026-09-19 21:28:20","2026-09-19 21:28:20"
"285","Mr. Tarek Shawky","tarek.shawky@school.eg","$2y$10$ft24m1CN7Yr1iUJB3LR4t.r.FJd6aGcJxzPCuB32DXpx2uAktLGwK","teacher",NULL,"English","1","2026-09-19 21:28:20","2026-09-19 21:28:20"
"286","Ms. Mona Abdelaziz","mona.abdelaziz@school.eg","$2y$10$ft24m1CN7Yr1iUJB3LR4t.r.FJd6aGcJxzPCuB32DXpx2uAktLGwK","teacher",NULL,"English","1","2026-09-19 21:28:20","2026-09-19 21:28:20"
"287","Mr. Yasser Galal","yasser.galal@school.eg","$2y$10$ft24m1CN7Yr1iUJB3LR4t.r.FJd6aGcJxzPCuB32DXpx2uAktLGwK","teacher",NULL,"English","1","2026-09-19 21:28:20","2026-09-19 21:28:20"
"288","Mr. Hisham Barakat","hisham.barakat@school.eg","$2y$10$ft24m1CN7Yr1iUJB3LR4t.r.FJd6aGcJxzPCuB32DXpx2uAktLGwK","teacher",NULL,"Mathematics","1","2026-09-19 21:28:20","2026-09-19 21:28:20"
"289","Ms. Rania Youssef","rania.youssef@school.eg","$2y$10$ft24m1CN7Yr1iUJB3LR4t.r.FJd6aGcJxzPCuB32DXpx2uAktLGwK","teacher",NULL,"Mathematics","1","2026-09-19 21:28:20","2026-09-19 21:28:20"
"290","Mr. Amr Diab","amr.diab@school.eg","$2y$10$ft24m1CN7Yr1iUJB3LR4t.r.FJd6aGcJxzPCuB32DXpx2uAktLGwK","teacher",NULL,"Mathematics","1","2026-09-19 21:28:20","2026-09-19 21:28:20"
"291","Mr. Mostafa Mahmoud","mostafa.mahmoud@school.eg","$2y$10$ft24m1CN7Yr1iUJB3LR4t.r.FJd6aGcJxzPCuB32DXpx2uAktLGwK","teacher",NULL,"Science","1","2026-09-19 21:28:20","2026-09-19 21:28:20"
"292","Ms. Salma Hayek","salma.hayek@school.eg","$2y$10$ft24m1CN7Yr1iUJB3LR4t.r.FJd6aGcJxzPCuB32DXpx2uAktLGwK","teacher",NULL,"Science","1","2026-09-19 21:28:20","2026-09-19 21:28:20"
"293","Mr. Sherif Mounir","sherif.mounir@school.eg","$2y$10$ft24m1CN7Yr1iUJB3LR4t.r.FJd6aGcJxzPCuB32DXpx2uAktLGwK","teacher",NULL,"Science","1","2026-09-19 21:28:20","2026-09-19 21:28:20"
"294","Mr. Gamal Hamdan","gamal.hamdan@school.eg","$2y$10$ft24m1CN7Yr1iUJB3LR4t.r.FJd6aGcJxzPCuB32DXpx2uAktLGwK","teacher",NULL,"Social Studies","1","2026-09-19 21:28:20","2026-09-19 21:28:20"
"295","Ms. Hoda Shaarawy","hoda.shaarawy@school.eg","$2y$10$ft24m1CN7Yr1iUJB3LR4t.r.FJd6aGcJxzPCuB32DXpx2uAktLGwK","teacher",NULL,"Social Studies","1","2026-09-19 21:28:20","2026-09-19 21:28:20"
"296","Mr. Ezzat El-Alaili","ezzat.elalaili@school.eg","$2y$10$ft24m1CN7Yr1iUJB3LR4t.r.FJd6aGcJxzPCuB32DXpx2uAktLGwK","teacher",NULL,"Social Studies","1","2026-09-19 21:28:20","2026-09-19 21:28:20"
"297","Mr. Zaki Naguib","zaki.naguib@school.eg","$2y$10$ft24m1CN7Yr1iUJB3LR4t.r.FJd6aGcJxzPCuB32DXpx2uAktLGwK","teacher",NULL,"Arabic","1","2026-09-19 21:28:20","2026-09-19 21:28:20"
"298","Mr. Peter George","peter.george@school.eg","$2y$10$ft24m1CN7Yr1iUJB3LR4t.r.FJd6aGcJxzPCuB32DXpx2uAktLGwK","teacher",NULL,"First Foreign Language","1","2026-09-19 21:28:20","2026-09-19 21:28:20"
"299","Mr. Younan Labib","younan.labib@school.eg","$2y$10$ft24m1CN7Yr1iUJB3LR4t.r.FJd6aGcJxzPCuB32DXpx2uAktLGwK","teacher",NULL,"History","1","2026-09-19 21:28:20","2026-09-19 21:28:20"
"300","Mr. Magdy Yacoub","magdy.yacoub@school.eg","$2y$10$ft24m1CN7Yr1iUJB3LR4t.r.FJd6aGcJxzPCuB32DXpx2uAktLGwK","teacher",NULL,"Mathematics","1","2026-09-19 21:28:20","2026-09-19 21:28:20"
"301","Mr. Ahmed Zewail","ahmed.zewail@school.eg","$2y$10$ft24m1CN7Yr1iUJB3LR4t.r.FJd6aGcJxzPCuB32DXpx2uAktLGwK","teacher",NULL,"Integrated Sciences","1","2026-09-19 21:28:20","2026-09-19 21:28:20"
"302","Mr. Mourad Wahba","mourad.wahba@school.eg","$2y$10$ft24m1CN7Yr1iUJB3LR4t.r.FJd6aGcJxzPCuB32DXpx2uAktLGwK","teacher",NULL,"Philosophy & Logic","1","2026-09-19 21:28:20","2026-09-19 21:28:20"
"303","Asst. Karim Adel","karim.adel@school.eg","$2y$10$ft24m1CN7Yr1iUJB3LR4t.r.FJd6aGcJxzPCuB32DXpx2uAktLGwK","assistant",NULL,NULL,"1","2026-09-19 21:28:20","2026-09-19 21:28:20"
"304","Asst. Tamer Hosny","tamer.hosny@school.eg","$2y$10$ft24m1CN7Yr1iUJB3LR4t.r.FJd6aGcJxzPCuB32DXpx2uAktLGwK","assistant",NULL,NULL,"1","2026-09-19 21:28:20","2026-09-19 21:28:20"
"305","Asst. Hany Ramzy","hany.ramzy@school.eg","$2y$10$ft24m1CN7Yr1iUJB3LR4t.r.FJd6aGcJxzPCuB32DXpx2uAktLGwK","assistant",NULL,NULL,"1","2026-09-19 21:28:20","2026-09-19 21:28:20"
"306","Asst. Salma Rashad","salma.rashad@school.eg","$2y$10$ft24m1CN7Yr1iUJB3LR4t.r.FJd6aGcJxzPCuB32DXpx2uAktLGwK","assistant",NULL,NULL,"1","2026-09-19 21:28:20","2026-09-19 21:28:20"
"307","Asst. Noha Ezzat","noha.ezzat@school.eg","$2y$10$ft24m1CN7Yr1iUJB3LR4t.r.FJd6aGcJxzPCuB32DXpx2uAktLGwK","assistant",NULL,NULL,"1","2026-09-19 21:28:20","2026-09-19 21:28:20"
"308","Asst. Mahmoud Said","mahmoud.said@school.eg","$2y$10$ft24m1CN7Yr1iUJB3LR4t.r.FJd6aGcJxzPCuB32DXpx2uAktLGwK","assistant",NULL,NULL,"1","2026-09-19 21:28:20","2026-09-19 21:28:20"
"309","Asst. Hend Rostom","hend.rostom@school.eg","$2y$10$ft24m1CN7Yr1iUJB3LR4t.r.FJd6aGcJxzPCuB32DXpx2uAktLGwK","assistant",NULL,NULL,"1","2026-09-19 21:28:20","2026-09-19 21:28:20"
"310","Asst. Amr Waked","amr.waked@school.eg","$2y$10$ft24m1CN7Yr1iUJB3LR4t.r.FJd6aGcJxzPCuB32DXpx2uAktLGwK","assistant",NULL,NULL,"1","2026-09-19 21:28:20","2026-09-19 21:28:20"
"311","Asst. Rania Farid","rania.farid@school.eg","$2y$10$ft24m1CN7Yr1iUJB3LR4t.r.FJd6aGcJxzPCuB32DXpx2uAktLGwK","assistant",NULL,NULL,"1","2026-09-19 21:28:20","2026-09-19 21:28:20"
"312","Asst. Khaled Saleh","khaled.saleh@school.eg","$2y$10$ft24m1CN7Yr1iUJB3LR4t.r.FJd6aGcJxzPCuB32DXpx2uAktLGwK","assistant",NULL,NULL,"1","2026-09-19 21:28:20","2026-09-19 21:28:20"
"313","Asst. Nourhan Sherif","nourhan.sherif@school.eg","$2y$10$ft24m1CN7Yr1iUJB3LR4t.r.FJd6aGcJxzPCuB32DXpx2uAktLGwK","assistant",NULL,NULL,"1","2026-09-19 21:28:20","2026-09-19 21:28:20"
"314","Asst. Yasmin Abdelaziz","yasmin.abdelaziz@school.eg","$2y$10$ft24m1CN7Yr1iUJB3LR4t.r.FJd6aGcJxzPCuB32DXpx2uAktLGwK","assistant",NULL,NULL,"1","2026-09-19 21:28:20","2026-09-19 21:28:20"
"315","Asst. Mohamed Mamdouh","mohamed.mamdouh@school.eg","$2y$10$ft24m1CN7Yr1iUJB3LR4t.r.FJd6aGcJxzPCuB32DXpx2uAktLGwK","assistant",NULL,NULL,"1","2026-09-19 21:28:20","2026-09-19 21:28:20"
"316","Asst. Menna Shalaby","menna.shalaby@school.eg","$2y$10$ft24m1CN7Yr1iUJB3LR4t.r.FJd6aGcJxzPCuB32DXpx2uAktLGwK","assistant",NULL,NULL,"1","2026-09-19 21:28:20","2026-09-19 21:28:20"
"317","Asst. Ahmed Dawood","ahmed.dawood@school.eg","$2y$10$ft24m1CN7Yr1iUJB3LR4t.r.FJd6aGcJxzPCuB32DXpx2uAktLGwK","assistant",NULL,NULL,"1","2026-09-19 21:28:20","2026-09-19 21:28:20"
"318","Asst. Nelly Karim","nelly.karim@school.eg","$2y$10$ft24m1CN7Yr1iUJB3LR4t.r.FJd6aGcJxzPCuB32DXpx2uAktLGwK","assistant",NULL,NULL,"1","2026-09-19 21:28:20","2026-09-19 21:28:20"
"319","Asst. Omar Farouk","omar.farouk@school.eg","$2y$10$ft24m1CN7Yr1iUJB3LR4t.r.FJd6aGcJxzPCuB32DXpx2uAktLGwK","assistant",NULL,NULL,"1","2026-09-19 21:28:20","2026-09-19 21:28:20"
"320","Asst. Asser Yassin","asser.yassin@school.eg","$2y$10$ft24m1CN7Yr1iUJB3LR4t.r.FJd6aGcJxzPCuB32DXpx2uAktLGwK","assistant",NULL,NULL,"1","2026-09-19 21:28:20","2026-09-19 21:28:20"
"321","Asst. Mona Zaki","mona.zaki@school.eg","$2y$10$ft24m1CN7Yr1iUJB3LR4t.r.FJd6aGcJxzPCuB32DXpx2uAktLGwK","assistant",NULL,NULL,"1","2026-09-19 21:28:20","2026-09-19 21:28:20"
"322","Asst. Ahmed Helmy","ahmed.helmy@school.eg","$2y$10$ft24m1CN7Yr1iUJB3LR4t.r.FJd6aGcJxzPCuB32DXpx2uAktLGwK","assistant",NULL,NULL,"1","2026-09-19 21:28:20","2026-09-19 21:28:20"
"323","Asst. Karim Abdelaziz","karim.abdelaziz@school.eg","$2y$10$ft24m1CN7Yr1iUJB3LR4t.r.FJd6aGcJxzPCuB32DXpx2uAktLGwK","assistant",NULL,NULL,"1","2026-09-19 21:28:20","2026-09-19 21:28:20"
"324","Asst. Mai Ezz Eldin","mai.ezzeldin@school.eg","$2y$10$ft24m1CN7Yr1iUJB3LR4t.r.FJd6aGcJxzPCuB32DXpx2uAktLGwK","assistant",NULL,NULL,"1","2026-09-19 21:28:20","2026-09-19 21:28:20"
"325","Asst. Mariam Samir","mariam.samir@school.eg","$2y$10$ft24m1CN7Yr1iUJB3LR4t.r.FJd6aGcJxzPCuB32DXpx2uAktLGwK","assistant",NULL,NULL,"1","2026-09-19 21:28:20","2026-09-19 21:28:20"
"326","Asst. Amir Karara","amir.karara@school.eg","$2y$10$ft24m1CN7Yr1iUJB3LR4t.r.FJd6aGcJxzPCuB32DXpx2uAktLGwK","assistant",NULL,NULL,"1","2026-09-19 21:28:20","2026-09-19 21:28:20"
"327","Asst. Tara Emad","tara.emad@school.eg","$2y$10$ft24m1CN7Yr1iUJB3LR4t.r.FJd6aGcJxzPCuB32DXpx2uAktLGwK","assistant",NULL,NULL,"1","2026-09-19 21:28:20","2026-09-19 21:28:20"
"328","Asst. Ahmed Malek","ahmed.malek@school.eg","$2y$10$ft24m1CN7Yr1iUJB3LR4t.r.FJd6aGcJxzPCuB32DXpx2uAktLGwK","assistant",NULL,NULL,"1","2026-09-19 21:28:20","2026-09-19 21:28:20"
"329","Asst. Huda El Mufti","huda.elmufti@school.eg","$2y$10$ft24m1CN7Yr1iUJB3LR4t.r.FJd6aGcJxzPCuB32DXpx2uAktLGwK","assistant",NULL,NULL,"1","2026-09-19 21:28:20","2026-09-19 21:28:20"
"330","Asst. Nour El Nabawy","nour.elnabawy@school.eg","$2y$10$ft24m1CN7Yr1iUJB3LR4t.r.FJd6aGcJxzPCuB32DXpx2uAktLGwK","assistant",NULL,NULL,"1","2026-09-19 21:28:20","2026-09-19 21:28:20"
"331","Asst. Bassem Youssef","bassem.youssef@school.eg","$2y$10$ft24m1CN7Yr1iUJB3LR4t.r.FJd6aGcJxzPCuB32DXpx2uAktLGwK","assistant",NULL,NULL,"1","2026-09-19 21:28:20","2026-09-19 21:28:20"
"332","Asst. Salma Abu Deif","salma.abudeif@school.eg","$2y$10$ft24m1CN7Yr1iUJB3LR4t.r.FJd6aGcJxzPCuB32DXpx2uAktLGwK","assistant",NULL,NULL,"1","2026-09-19 21:28:20","2026-09-19 21:28:20"
"333","Asst. Mayan El Sayed","mayan.elsayed@school.eg","$2y$10$ft24m1CN7Yr1iUJB3LR4t.r.FJd6aGcJxzPCuB32DXpx2uAktLGwK","assistant",NULL,NULL,"1","2026-09-19 21:28:20","2026-09-19 21:28:20"
"334","Asst. Essam Omar","essam.omar@school.eg","$2y$10$ft24m1CN7Yr1iUJB3LR4t.r.FJd6aGcJxzPCuB32DXpx2uAktLGwK","assistant",NULL,NULL,"1","2026-09-19 21:28:20","2026-09-19 21:28:20"
"335","Asst. Taha Dessouky","taha.dessouky@school.eg","$2y$10$ft24m1CN7Yr1iUJB3LR4t.r.FJd6aGcJxzPCuB32DXpx2uAktLGwK","assistant",NULL,NULL,"1","2026-09-19 21:28:20","2026-09-19 21:28:20"
"336","Asst. Asmaa Galal","asmaa.galal@school.eg","$2y$10$ft24m1CN7Yr1iUJB3LR4t.r.FJd6aGcJxzPCuB32DXpx2uAktLGwK","assistant",NULL,NULL,"1","2026-09-19 21:28:20","2026-09-19 21:28:20"
"337","Asst. Dina Anwar","dina.anwar@school.eg","$2y$10$ft24m1CN7Yr1iUJB3LR4t.r.FJd6aGcJxzPCuB32DXpx2uAktLGwK","assistant",NULL,NULL,"1","2026-09-19 21:28:20","2026-09-19 21:28:20"
"338","Asst. Aya Samaha","aya.samaha@school.eg","$2y$10$ft24m1CN7Yr1iUJB3LR4t.r.FJd6aGcJxzPCuB32DXpx2uAktLGwK","assistant",NULL,NULL,"1","2026-09-19 21:28:20","2026-09-19 21:28:20"
"339","Asst. Ahmed Dash","ahmed.dash@school.eg","$2y$10$ft24m1CN7Yr1iUJB3LR4t.r.FJd6aGcJxzPCuB32DXpx2uAktLGwK","assistant",NULL,NULL,"1","2026-09-19 21:28:20","2026-09-19 21:28:20"
"340","Asst. Sarrah Abdelrahman","sarrah.abdelrahman@school.eg","$2y$10$ft24m1CN7Yr1iUJB3LR4t.r.FJd6aGcJxzPCuB32DXpx2uAktLGwK","assistant",NULL,NULL,"1","2026-09-19 21:28:20","2026-09-19 21:28:20"
"341","Asst. Mohamed Farrag","mohamed.farrag@school.eg","$2y$10$ft24m1CN7Yr1iUJB3LR4t.r.FJd6aGcJxzPCuB32DXpx2uAktLGwK","assistant",NULL,NULL,"1","2026-09-19 21:28:20","2026-09-19 21:28:20"
"342","Asst. Passant Shawky","passant.shawky@school.eg","$2y$10$ft24m1CN7Yr1iUJB3LR4t.r.FJd6aGcJxzPCuB32DXpx2uAktLGwK","assistant",NULL,NULL,"1","2026-09-19 21:28:20","2026-09-19 21:28:20"
"343","Asst. Amir El Masry","amir.elmasry@school.eg","$2y$10$ft24m1CN7Yr1iUJB3LR4t.r.FJd6aGcJxzPCuB32DXpx2uAktLGwK","assistant",NULL,NULL,"1","2026-09-19 21:28:20","2026-09-19 21:28:20"
"344","Asst. Cynthia Khalifeh","cynthia.khalifeh@school.eg","$2y$10$ft24m1CN7Yr1iUJB3LR4t.r.FJd6aGcJxzPCuB32DXpx2uAktLGwK","assistant",NULL,NULL,"1","2026-09-19 21:28:20","2026-09-19 21:28:20"
"345","Asst. Ali Kassem","ali.kassem@school.eg","$2y$10$ft24m1CN7Yr1iUJB3LR4t.r.FJd6aGcJxzPCuB32DXpx2uAktLGwK","assistant",NULL,NULL,"1","2026-09-19 21:28:20","2026-09-19 21:28:20"
"346","Asst. Malak Koura","malak.koura@school.eg","$2y$10$ft24m1CN7Yr1iUJB3LR4t.r.FJd6aGcJxzPCuB32DXpx2uAktLGwK","assistant",NULL,NULL,"1","2026-09-19 21:28:20","2026-09-19 21:28:20"
"347","Asst. Adam Elsharkawy","adam.elsharkawy@school.eg","$2y$10$ft24m1CN7Yr1iUJB3LR4t.r.FJd6aGcJxzPCuB32DXpx2uAktLGwK","assistant",NULL,NULL,"1","2026-09-19 21:28:20","2026-09-19 21:28:20"
"348","Asst. Jamila Awad","jamila.awad@school.eg","$2y$10$ft24m1CN7Yr1iUJB3LR4t.r.FJd6aGcJxzPCuB32DXpx2uAktLGwK","assistant",NULL,NULL,"1","2026-09-19 21:28:21","2026-09-19 21:28:21"
"349","Youssef Mohamed","youssef.mohamed@student.eg","$2y$10$ft24m1CN7Yr1iUJB3LR4t.r.FJd6aGcJxzPCuB32DXpx2uAktLGwK","student","First Year of Middle School",NULL,"1","2026-09-19 21:28:21","2026-09-19 21:28:21"
"350","Nour El-Din","nour.eldin@student.eg","$2y$10$ft24m1CN7Yr1iUJB3LR4t.r.FJd6aGcJxzPCuB32DXpx2uAktLGwK","student","First Year of Middle School",NULL,"1","2026-09-19 21:28:21","2026-09-19 21:28:21"
"351","Layla Hassan","layla.hassan@student.eg","$2y$10$ft24m1CN7Yr1iUJB3LR4t.r.FJd6aGcJxzPCuB32DXpx2uAktLGwK","student","First Year of Middle School",NULL,"1","2026-09-19 21:28:21","2026-09-19 21:28:21"
"352","Tariq Ali","tariq.ali@student.eg","$2y$10$ft24m1CN7Yr1iUJB3LR4t.r.FJd6aGcJxzPCuB32DXpx2uAktLGwK","student","First Year of Middle School",NULL,"1","2026-09-19 21:28:21","2026-09-19 21:28:21"
"353","Heba Sayed","heba.sayed@student.eg","$2y$10$ft24m1CN7Yr1iUJB3LR4t.r.FJd6aGcJxzPCuB32DXpx2uAktLGwK","student","First Year of Middle School",NULL,"1","2026-09-19 21:28:21","2026-09-19 21:28:21"
"354","Ziad Tarek","ziad.tarek@student.eg","$2y$10$ft24m1CN7Yr1iUJB3LR4t.r.FJd6aGcJxzPCuB32DXpx2uAktLGwK","student","Second Year of Middle School",NULL,"1","2026-09-19 21:28:21","2026-09-19 21:28:21"
"355","Habiba Amr","habiba.amr@student.eg","$2y$10$ft24m1CN7Yr1iUJB3LR4t.r.FJd6aGcJxzPCuB32DXpx2uAktLGwK","student","Second Year of Middle School",NULL,"1","2026-09-19 21:28:21","2026-09-19 21:28:21"
"356","Mariam Adel","mariam.adel@student.eg","$2y$10$ft24m1CN7Yr1iUJB3LR4t.r.FJd6aGcJxzPCuB32DXpx2uAktLGwK","student","Second Year of Middle School",NULL,"1","2026-09-19 21:28:21","2026-09-19 21:28:21"
"357","Ahmed Khalil","ahmed.khalil@student.eg","$2y$10$ft24m1CN7Yr1iUJB3LR4t.r.FJd6aGcJxzPCuB32DXpx2uAktLGwK","student","Second Year of Middle School",NULL,"1","2026-09-19 21:28:21","2026-09-19 21:28:21"
"358","Malak Sherif","malak.sherif@student.eg","$2y$10$ft24m1CN7Yr1iUJB3LR4t.r.FJd6aGcJxzPCuB32DXpx2uAktLGwK","student","Third Year of Middle School",NULL,"1","2026-09-19 21:28:21","2026-09-19 21:28:21"
"359","Omar Hany","omar.hany@student.eg","$2y$10$ft24m1CN7Yr1iUJB3LR4t.r.FJd6aGcJxzPCuB32DXpx2uAktLGwK","student","Third Year of Middle School",NULL,"1","2026-09-19 21:28:21","2026-09-19 21:28:21"
"360","Farida Mostafa","farida.mostafa@student.eg","$2y$10$ft24m1CN7Yr1iUJB3LR4t.r.FJd6aGcJxzPCuB32DXpx2uAktLGwK","student","Third Year of Middle School",NULL,"1","2026-09-19 21:28:21","2026-09-19 21:28:21"
"361","Karim Hassan","karim.hassan@student.eg","$2y$10$ft24m1CN7Yr1iUJB3LR4t.r.FJd6aGcJxzPCuB32DXpx2uAktLGwK","student","Third Year of Middle School",NULL,"1","2026-09-19 21:28:21","2026-09-19 21:28:21"
"362","Kareem Mostafa","kareem.mostafa@student.eg","$2y$10$ft24m1CN7Yr1iUJB3LR4t.r.FJd6aGcJxzPCuB32DXpx2uAktLGwK","student","First Year of High School",NULL,"1","2026-09-19 21:28:21","2026-09-19 21:28:21"
"363","Salma Ehab","salma.ehab@student.eg","$2y$10$ft24m1CN7Yr1iUJB3LR4t.r.FJd6aGcJxzPCuB32DXpx2uAktLGwK","student","First Year of High School",NULL,"1","2026-09-19 21:28:21","2026-09-19 21:28:21"
"364","Hassan Kamal","hassan.kamal@student.eg","$2y$10$ft24m1CN7Yr1iUJB3LR4t.r.FJd6aGcJxzPCuB32DXpx2uAktLGwK","student","First Year of High School",NULL,"1","2026-09-19 21:28:21","2026-09-19 21:28:21"
"378","Mr. Hesham Selim","hesham.selim@test.com","$2y$10$/X8OMq3eGBypajUtBApcSeXYV.8Ae.u15TdrzQen26fuT8orxHB2y","teacher",NULL,"Arabic","1","2026-09-01 20:27:19","2026-09-21 21:27:20"
"379","Ms. Nelly Karim","nelly.karim@test.com","$2y$10$H5YGQHbaQbAkIhm9aisbe.DghEEg1rWmLsFSQo6gZE.cKT2VrbeQG","teacher",NULL,"English","1","2026-09-01 20:27:20","2026-09-21 21:27:20"
"380","Eng. Karim Hesham","karim.hesham@test.com","$2y$10$9EN2b482QVLBK2hlOtKVA.mPjIVXY76E7xFL6yOrhrPUwwxJMXDUq","assistant",NULL,NULL,"1","2026-09-01 20:27:20","2026-09-21 21:27:20"
"381","Eng. Sara Hesham","sara.hesham@test.com","$2y$10$TMS8xmyU6Ju8A2m1CtImj.rxAr1MQUefuUv5W5lbtUV9La6R99eFm","assistant",NULL,NULL,"1","2026-09-01 20:27:20","2026-09-21 21:27:20"
"382","Eng. Tamer Nelly","tamer.nelly@test.com","$2y$10$DnEYN4qd9ASYkDnk1Jtze.SvQzapMROHNtmc/8j3e2ABpnD//JZHa","assistant",NULL,NULL,"1","2026-09-01 20:27:20","2026-09-21 21:27:20"
"383","Eng. Reem Nelly","reem.nelly@test.com","$2y$10$tFWY/kymId0D.t0aTBKc9e9Wactzd4FQgWDLzowXsKXXjt.v7D6yC","assistant",NULL,NULL,"1","2026-09-01 20:27:20","2026-09-21 21:27:20"
"384","Kareem Nabil","kareem.nabil@test.com","$2y$10$hOk2StlU9gIX2PJuM9aR9enYOQp./TsID/jo6RxZUIG8HBTZbr/cu","student","First Year of Middle School",NULL,"1","2026-09-11 20:27:20","2026-09-21 21:27:21"
"385","Dina Samy","dina.samy@test.com","$2y$10$TOTxom5KJSQKc.SVaMPX4eMNBmMeDgbSJpRFzSzFp40AGVHjpsKs2","student","First Year of Middle School",NULL,"1","2026-09-11 20:27:21","2026-09-21 21:27:21"
"386","Hany شاكر","hany.shaker@test.com","$2y$10$Ulq4Vkg4l8XikJIc/yrkI.H1XCjAJwq4CBiwSTJbn3YV08fHsE4x2","student","First Year of Middle School",NULL,"1","2026-09-11 20:27:21","2026-09-21 21:27:21"
"387","Mariam Fathy","mariam.fathy@test.com","$2y$10$.KHn8h0bcQzJGzGJWpcGj.Z9EOuc4EhSKiGHOxbnpPmRMRnhA.F7e","student","First Year of Middle School",NULL,"1","2026-09-11 20:27:21","2026-09-21 21:27:21"
"388","Yasser Galal Jr","yasser.jr@test.com","$2y$10$dMOtQyi7I1s0yyNw7ia0l.kLtcfW97.YfGIOSXvK5/g3xQkJG.7Yi","student","First Year of Middle School",NULL,"1","2026-09-11 20:27:21","2026-09-21 21:27:21"
"389","Ahmed Late-Registered","ahmed.late@test.com","$2y$10$a5kluBjuaG6mPr9iefgLSulabbdNEs9Bku5lKov.vwXd.0cnlZZju","student","First Year of Middle School",NULL,"1","2026-09-21 20:28:06","2026-09-21 21:28:06"
"390","Salma Late-Registered","salma.late@test.com","$2y$10$sHr8jUn1CpScWQ1Z.Yo0iuJFRchlA9COLTpdXqpv89ZilHMdxvQmW","student","First Year of Middle School",NULL,"1","2026-09-21 20:28:06","2026-09-21 21:28:06"
"391","Omar Fahmy","omar.fahmy.372@student.test.com","$2y$10$rNuyooAwpgaTNdh.TbrH.e7A9qYdv6JbrCqXHu2RiO34HqRyYX4yK","student","First Year of High School",NULL,"1","2026-09-21 21:28:06","2026-09-21 21:28:06"
"392","Tarek Fahmy","tarek.fahmy.376@student.test.com","$2y$10$Dq9kjW3yvEftKy9cTjKcIuGfEFAjt2nU9Kc5P7gqgsxS5u9UP5goa","student","First Year of High School",NULL,"1","2026-09-21 21:28:06","2026-09-21 21:28:06"
"393","Mona Fahmy","mona.fahmy.158@student.test.com","$2y$10$OhNm2bblZf3H8/eDhO3Xbul7luZLmQbJeqENLUtRK5zeBY.xKElaW","student","First Year of High School",NULL,"1","2026-09-21 21:28:07","2026-09-21 21:28:07"
"394","Hossam Fahmy","hossam.fahmy.784@student.test.com","$2y$10$KN14AesKe8xRAVGOp08O3.bkkKWLOn9LjBA5yv346M4a5aT9bbbu.","student","First Year of High School",NULL,"1","2026-09-21 21:28:07","2026-09-21 21:28:07"
"395","Nadia Fahmy","nadia.fahmy.264@student.test.com","$2y$10$uZ6s2LQxkG1VSW85xdE/wukOugLUZUOESC1H.wZM/rtz/tB7nKcQO","student","First Year of High School",NULL,"1","2026-09-21 21:28:07","2026-09-21 21:28:07"
"396","Zeinab Fahmy","zeinab.fahmy.762@student.test.com","$2y$10$e9/frKwPIdlWJWYTs0vNV./mb96SALN5MHXGhVjZTpEwcrkTVCpZK","student","First Year of High School",NULL,"1","2026-09-21 21:28:07","2026-09-21 21:28:07"
"397","Amr Fahmy","amr.fahmy.912@student.test.com","$2y$10$IcJGohud8IzBPj3MoHBELeMf4Xxrzoh0ZStcyOBpKLOnBvdXLhDYS","student","First Year of High School",NULL,"1","2026-09-21 21:28:07","2026-09-21 21:28:07"
"398","Reem Fahmy","reem.fahmy.475@student.test.com","$2y$10$j8MiZF.DbOXBNL1SndO2YuptU0.ov8zxPWgGAY9NV.zxHfZWTfVq2","student","First Year of High School",NULL,"1","2026-09-21 21:28:07","2026-09-21 21:28:07"
"399","Walid Fahmy","walid.fahmy.763@student.test.com","$2y$10$YWy2cYm9n4bsz3dTVBptLeMzFNPn28wNytNup5OBSSGgNQSbpXbye","student","First Year of High School",NULL,"1","2026-09-21 21:28:08","2026-09-21 21:28:08"
"400","Hala Fahmy","hala.fahmy.782@student.test.com","$2y$10$XzKkc.9PdttYCnQs.r86oOk.JP2R0OLClNu8woJ92AID.s7Ey3geq","student","First Year of High School",NULL,"1","2026-09-21 21:28:08","2026-09-21 21:28:08"
"401","Ashraf Fahmy","ashraf.fahmy.495@student.test.com","$2y$10$eaHIO9XprPr7SBDci7o1HeP2DJnhxsd1sEzoMvr.ZcVxhzDy3x9Q.","student","First Year of High School",NULL,"1","2026-09-21 21:28:08","2026-09-21 21:28:08"
"402","Eman Fahmy","eman.fahmy.941@student.test.com","$2y$10$M9AmJwWppf2AWELgDnXdCOB7rmnRps.YOC35tVGLJT3aVx7E2SWZq","student","First Year of High School",NULL,"1","2026-09-21 21:28:08","2026-09-21 21:28:08"
"403","Sherif Fahmy","sherif.fahmy.595@student.test.com","$2y$10$dSVbjMylSZCK2KwVBw1RXeGXruVNqo5VPRfULwqPxODW2oteT2N12","student","First Year of Middle School",NULL,"1","2026-09-21 21:28:08","2026-09-21 21:28:08"
"404","Ghada Fahmy","ghada.fahmy.574@student.test.com","$2y$10$Ns3/.h5q/vWaFl7Uwu4UZOXoAlATcl9bOPcWoVEwgQM8R0hWvx/YK","student","Second Year of Middle School",NULL,"1","2026-09-21 21:28:08","2026-09-21 21:28:08"
"405","Kareem Fahmy","kareem.fahmy.419@student.test.com","$2y$10$FbareKBNrjv3hRv2xjt83OxSFtExrJfi5G6.5NxkOsgB5Ro7wIkfq","student","Third Year of Middle School",NULL,"1","2026-09-21 21:28:08","2026-09-21 21:28:08"
"406","Sohaila Fahmy","sohaila.fahmy.372@student.test.com","$2y$10$ehpKhE46JU5wT4u7o/SBleuYqa66wjWEWsZOf61hq3EvdCxJiF2mK","student","First Year of Middle School",NULL,"1","2026-09-21 21:28:09","2026-09-21 21:28:09"
"407","Magdy Fahmy","magdy.fahmy.284@student.test.com","$2y$10$hn8YafsK2gVLAbztsI5wBubUFCydB5Elw4HjQ8nDVoxotx2l2EKL.","student","Second Year of Middle School",NULL,"1","2026-09-21 21:28:09","2026-09-21 21:28:09"
"408","Nourhan Fahmy","nourhan.fahmy.609@student.test.com","$2y$10$m7COuY0ZbfjLZFZ.2BqlFeYIZr6sqCtzly6tr9Gnc7Qsehfb9jIym","student","Third Year of Middle School",NULL,"1","2026-09-21 21:28:09","2026-09-21 21:28:09"
"409","Wael Fahmy","wael.fahmy.542@student.test.com","$2y$10$CqO8/mfISaCul/.OxVhIaO8qMaWTIy4TE1JlJH6hoy9HiZEASV52q","student","First Year of Middle School",NULL,"1","2026-09-21 21:28:09","2026-09-21 21:28:09"
"410","Bassant Fahmy","bassant.fahmy.192@student.test.com","$2y$10$wLI.MFmo6LM1a.dq24X6h.PTCicEtgzBzLFbeHqxuMxtksU6in8We","student","Second Year of Middle School",NULL,"1","2026-09-21 21:28:09","2026-09-21 21:28:09"
"411","Ayman Fahmy","ayman.fahmy.113@student.test.com","$2y$10$HGh08ETtdq1G5n9NkBhLVODUnBpYCipxoSuLheFvOESN2Mnn7Nl2K","student","Third Year of Middle School",NULL,"1","2026-09-21 21:28:09","2026-09-21 21:28:09"
"412","May Fahmy","may.fahmy.410@student.test.com","$2y$10$5CmpOoVA9J9qy97z4Aal9e3xC4Ftlo2S6kfK4catMa47gye.qxPUS","student","First Year of Middle School",NULL,"1","2026-09-21 21:28:10","2026-09-21 21:28:10"
"413","Alaa Fahmy","alaa.fahmy.285@student.test.com","$2y$10$cAMURRKvGX5yEdqGpHZCPuBfw.7kcYjgaavXMG7XCEt8vbOHECCti","student","Second Year of Middle School",NULL,"1","2026-09-21 21:28:10","2026-09-21 21:28:10"
"414","Shereen Fahmy","shereen.fahmy.213@student.test.com","$2y$10$teC9J6shUhKy.vmGsOkktukpCXQ9QOxhw.9oQn71IdEc1VlJIs02G","student","Third Year of Middle School",NULL,"1","2026-09-21 21:28:10","2026-09-21 21:28:10"
"415","Fady Fahmy","fady.fahmy.465@student.test.com","$2y$10$r9f4VN5VZ03Q.8gL4w0j3uCW8KqRjsegt3Txek.01ArGC94QKXpJ6","student","First Year of Middle School",NULL,"1","2026-09-21 21:28:10","2026-09-21 21:28:10"
"416","Riham Fahmy","riham.fahmy.511@student.test.com","$2y$10$C1f5TJTmLZc8P4BLKkFaC.MeHksKaPr7GZ9V7MTYPhqwUL1NlufVq","student","Second Year of Middle School",NULL,"1","2026-09-21 21:28:10","2026-09-21 21:28:10"
"417","Hazem Fahmy","hazem.fahmy.233@student.test.com","$2y$10$kKqbPOJVWWCo6vt7CS3z.ueHhNsKK6IqXTJdyslfZDhdELwLhbhiC","student","Third Year of Middle School",NULL,"1","2026-09-21 21:28:10","2026-09-21 21:28:10"
"418","Doaa Fahmy","doaa.fahmy.931@student.test.com","$2y$10$wN6oT5OWLeEWs/4.UYVO7uCHTe3qMGvPP0zP/CJSWM8vWUQt7p4am","student","First Year of Middle School",NULL,"1","2026-09-21 21:28:10","2026-09-21 21:28:10"
"419","Sameh Fahmy","sameh.fahmy.969@student.test.com","$2y$10$G5noDjk2gNtgRx9NqoA.X.hyjhN/KZTGc8yS/0jnRZhd8mwZDfGR6","student","Second Year of Middle School",NULL,"1","2026-09-21 21:28:11","2026-09-21 21:28:11"
"420","Marwa Fahmy","marwa.fahmy.689@student.test.com","$2y$10$/RKkbRC/ubHqdpQlu6vek.kDB8xpIxGEsHVSqq.PNfXj4WnodQBnK","student","Third Year of Middle School",NULL,"1","2026-09-21 21:28:11","2026-09-21 21:28:11"
"421","Medhat Fahmy","medhat.fahmy.849@student.test.com","$2y$10$n6rJUZKthp4JhGiV1PpdO.MB8qav25I9CMv5HvpeEGoQH8MZ3nId.","student","First Year of Middle School",NULL,"1","2026-09-21 21:28:11","2026-09-21 21:28:11"
"422","Shahd Fahmy","shahd.fahmy.488@student.test.com","$2y$10$mh48SLP7Y7xvX.KmQj2ghug1D4EJHFbkfUrUd6x6DbZlov.WsyajC","student","Second Year of Middle School",NULL,"1","2026-09-21 21:28:11","2026-09-21 21:28:11"
"423","Essam Fahmy","essam.fahmy.783@student.test.com","$2y$10$DAylwUKUuYF3OB375fAjC.zYMAgw32JD61HZdOK4p8972f0UMhbOG","student","Third Year of Middle School",NULL,"1","2026-09-21 21:28:11","2026-09-21 21:28:11"
"424","Yasmin Fahmy","yasmin.fahmy.310@student.test.com","$2y$10$GRFzLUnv.iyU6sJ9nZQdTeIGngKSMmlnvwHLbdy8EHnuf/4nuL/au","student","First Year of Middle School",NULL,"1","2026-09-21 21:28:11","2026-09-21 21:28:11"
"425","Raouf Fahmy","raouf.fahmy.798@student.test.com","$2y$10$WeVxiF6AOUJxKHqkI85IR.jt9DgZbzHx6.6bOElbA8NBLxpUZdVSO","student","Second Year of Middle School",NULL,"1","2026-09-21 21:28:12","2026-09-21 21:28:12"
"426","Habiba Fahmy","habiba.fahmy.132@student.test.com","$2y$10$jFNV3SuOkjFKxtVymWWraeVi3/k73nC449SwcZqp1fY/5bEERprqC","student","Third Year of Middle School",NULL,"1","2026-09-21 21:28:12","2026-09-21 21:28:12"
"427","Ibrahim Fahmy","ibrahim.fahmy.951@student.test.com","$2y$10$QRmNzYVDIPBciDy4uFUYfuFn4nQBvtw1rJkje1ppsR5HQRpy.EMU.","student","First Year of Middle School",NULL,"1","2026-09-21 21:28:12","2026-09-21 21:28:12"
"428","Farida Fahmy","farida.fahmy.198@student.test.com","$2y$10$73Qr4tKT3yrRtbtbuirdEedxAkXV3WPvWjjyG6ECx4t1spy6871VC","student","Second Year of Middle School",NULL,"1","2026-09-21 21:28:12","2026-09-21 21:28:12"
"429","Hatem Fahmy","hatem.fahmy.898@student.test.com","$2y$10$eXGfhKkXD5VfjGNCGPExiO0pEkpyD0CXBLffUzOlLMBCgN1DbL6BS","student","Third Year of Middle School",NULL,"1","2026-09-21 21:28:12","2026-09-21 21:28:12"
"430","Donia Fahmy","donia.fahmy.867@student.test.com","$2y$10$iiupl6upDFXq1WsTSed.IOZTT8tpClNv.oasIph/BXmN5bzB5qfj6","student","First Year of Middle School",NULL,"1","2026-09-21 21:28:12","2026-09-21 21:28:12"
"431","Adel Fahmy","adel.fahmy.651@student.test.com","$2y$10$3fQTpl/aWIPsV5vWHnI48ejbRZiW8nMQ5b.s.Gl60AVNn5SLODL7.","student","Second Year of Middle School",NULL,"1","2026-09-21 21:28:13","2026-09-21 21:28:13"
"432","Salma Fahmy","salma.fahmy.971@student.test.com","$2y$10$QQzN7rGFURDYQ31f5YiZjuXAz8ERsIXrwPO/5T7bGdvKYIcCSJT0G","student","Third Year of Middle School",NULL,"1","2026-09-21 21:28:13","2026-09-21 21:28:13"
"433","Gamal Fahmy","gamal.fahmy.683@student.test.com","$2y$10$Sal.dhEk42NVCUBMVs3d4..RWz5.x.44BNh09gP4Dyso6KpfzL..C","student","First Year of Middle School",NULL,"1","2026-09-21 21:28:13","2026-09-21 21:28:13"
"434","Laila Fahmy","laila.fahmy.729@student.test.com","$2y$10$HnL80Lv4KODFJSMpT63lGulyYXGpN0srK1FGka7CiPqMHYtCEZb/q","student","Second Year of Middle School",NULL,"1","2026-09-21 21:28:13","2026-09-21 21:28:13"
"435","Mustafa Fahmy","mustafa.fahmy.820@student.test.com","$2y$10$vCHygx6ZkLiLkMbuU8RNIejsQVZRBdXTnf6RPsEJINwchxOIRWx.W","student","Third Year of Middle School",NULL,"1","2026-09-21 21:28:13","2026-09-21 21:28:13"
"436","Arwa Fahmy","arwa.fahmy.571@student.test.com","$2y$10$Y91DNeYuszHuQFTjw.fxf.hg6qiRyb9jx5SfbJFn.75.1YIBo4DH2","student","First Year of Middle School",NULL,"1","2026-09-21 21:28:13","2026-09-21 21:28:13"
"437","Tamer Fahmy","tamer.fahmy.268@student.test.com","$2y$10$Ak58bWBLRqeCbEdTCekAo.zNIgqLnSp3WGmYB6ycx4qCaZ7tlc3lC","student","Second Year of Middle School",NULL,"1","2026-09-21 21:28:14","2026-09-21 21:28:14"
"438","Hadeer Fahmy","hadeer.fahmy.883@student.test.com","$2y$10$dE.9qPiSEIG6PzEI34ziAuMSVV4OgXshhQ0n0Am42P4SYf8Smhjf6","student","Third Year of Middle School",NULL,"1","2026-09-21 21:28:14","2026-09-21 21:28:14"
"439","Nader Fahmy","nader.fahmy.422@student.test.com","$2y$10$XTVMNoQaU7NtQFLc/tp0c.Zz9U2ylydeutLOT.gRxdA7q67rq4aaK","student","First Year of Middle School",NULL,"1","2026-09-21 21:28:14","2026-09-21 21:28:14"
"440","Rawan Fahmy","rawan.fahmy.975@student.test.com","$2y$10$.1iWbx2uEfED9QK38syC2uQaC11xqokkiejlpTX1j/fG9NJ.4xtx.","student","Second Year of Middle School",NULL,"1","2026-09-21 21:28:14","2026-09-21 21:28:14"
"441","Omar Saeed","omar.saeed.888@student.test.com","$2y$10$aV2ZNCKWrWXjXEJVs7Toe.CirzqhezqrFAe237AV3w5ofmm6EBZ46","student","Third Year of Middle School",NULL,"1","2026-09-21 21:28:15","2026-09-21 21:28:15"
"442","Tarek Saeed","tarek.saeed.906@student.test.com","$2y$10$JKYrBf4iptlSGaNIS0I7L.X4MWjAVhm7ocCO8islZR8EjtKpJWMXC","student","First Year of Middle School",NULL,"1","2026-09-21 21:28:15","2026-09-21 21:28:15"
"443","Mona Saeed","mona.saeed.898@student.test.com","$2y$10$Ti7yS.lvnyg9b839TCg/NOi23/MqGCOIMgN2ogZHyd3hT0YGRO/vq","student","Second Year of Middle School",NULL,"1","2026-09-21 21:28:15","2026-09-21 21:28:15"
"444","Hossam Saeed","hossam.saeed.353@student.test.com","$2y$10$rWKHmti/DrL4W4xgCud/6uETUGnB4ea7Qr.LCFknuIFi/yZLZKd2.","student","Third Year of Middle School",NULL,"1","2026-09-21 21:28:15","2026-09-21 21:28:15"
"445","Nadia Saeed","nadia.saeed.243@student.test.com","$2y$10$cCGZpSvjglZTWbg8.msgSOU2vp6yOxaQm33k2kxhwkvtoyw/Kp7au","student","First Year of Middle School",NULL,"1","2026-09-21 21:28:15","2026-09-21 21:28:15"
"446","Zeinab Saeed","zeinab.saeed.161@student.test.com","$2y$10$EBC4EFHf1UIuN7nYjxqCBu7Lwih.AbLyf3t7HKVt2Dz45dsAbT9Uu","student","Second Year of Middle School",NULL,"1","2026-09-21 21:28:15","2026-09-21 21:28:15"
"447","Amr Saeed","amr.saeed.272@student.test.com","$2y$10$FNnLHoE559G7AxcC9vqWN.oytdUoBchbonVfxKEikAPMMo8ArcbRG","student","Third Year of Middle School",NULL,"1","2026-09-21 21:28:16","2026-09-21 21:28:16"
"448","Reem Saeed","reem.saeed.399@student.test.com","$2y$10$AjkNyjz4sg4HQwCzZUPc0OHfFgNpkUDmgiKIGzjXzw81F9u3ht5eq","student","First Year of Middle School",NULL,"1","2026-09-21 21:28:16","2026-09-21 21:28:16"
"449","Walid Saeed","walid.saeed.972@student.test.com","$2y$10$UGxNt1NRuGVXl7BY9CT2n.rjVfobe0S5BN6CLZCBwHh3AfZAurvMO","student","Second Year of Middle School",NULL,"1","2026-09-21 21:28:16","2026-09-21 21:28:16"
"450","Hala Saeed","hala.saeed.940@student.test.com","$2y$10$OG/BD/yk6a1hUElA/G9rmufmCL3vFEhwhaHkoIiSY6B0imgv8UZxu","student","Third Year of Middle School",NULL,"1","2026-09-21 21:28:16","2026-09-21 21:28:16"
"451","Ashraf Saeed","ashraf.saeed.439@student.test.com","$2y$10$UxCRskR/Keb28fx.nxs65OP.iHGP/c3LZt6SUlB.jhZn7gV.VFH4i","student","First Year of Middle School",NULL,"1","2026-09-21 21:28:16","2026-09-21 21:28:16"
"452","Eman Saeed","eman.saeed.989@student.test.com","$2y$10$GEskZYR0trWtuejxDB1x8O4qlgPSkWRPROeZbmGKgmIazjf7ljlBW","student","Second Year of Middle School",NULL,"1","2026-09-21 21:28:17","2026-09-21 21:28:17"
"453","Sherif Saeed","sherif.saeed.121@student.test.com","$2y$10$1Elfw0dLhklBRX6R5AAmHOFnUmBtJtxpN86h.AfC7HBwcoZsz6xSa","student","Third Year of Middle School",NULL,"1","2026-09-21 21:28:17","2026-09-21 21:28:17"
"454","Ghada Saeed","ghada.saeed.911@student.test.com","$2y$10$SbvzT9Cl/eTcV/uU27GSYucIm6okRTY3yW.k2IeYboZy5slnIVCRK","student","First Year of Middle School",NULL,"1","2026-09-21 21:28:17","2026-09-21 21:28:17"
"455","Kareem Saeed","kareem.saeed.235@student.test.com","$2y$10$5h2H.pefrhV6JywGhIkBzuhm2C8uvtVdkT7TWtbua3j6a38w9AwgS","student","Second Year of Middle School",NULL,"1","2026-09-21 21:28:17","2026-09-21 21:28:17"
"456","Sohaila Saeed","sohaila.saeed.685@student.test.com","$2y$10$TpRDE3czJesAQKxhz7t/TOrkH.PNoikag3MK73.YO.De6IrUBbFCS","student","Third Year of Middle School",NULL,"1","2026-09-21 21:28:17","2026-09-21 21:28:17"
"457","Magdy Saeed","magdy.saeed.574@student.test.com","$2y$10$s.7Fl9M7juaDs/yLMGfaG.Pmm6aPJ4QRhJW.W0mwnr.aozQ68WUnG","student","First Year of Middle School",NULL,"1","2026-09-21 21:28:18","2026-09-21 21:28:18"
"458","Nourhan Saeed","nourhan.saeed.290@student.test.com","$2y$10$0OOqjCD0TNemKGUPB4NwzuhL4yvWXo1ea7m0hn9hwNj/f0CISeZKi","student","Second Year of Middle School",NULL,"1","2026-09-21 21:28:18","2026-09-21 21:28:18"
"459","Wael Saeed","wael.saeed.139@student.test.com","$2y$10$D32aiw/plpRkqASYmB.G/.5oqiHF7WRnlENNCfxYvMKGjfos1cH5e","student","Third Year of Middle School",NULL,"1","2026-09-21 21:28:18","2026-09-21 21:28:18"
"460","Bassant Saeed","bassant.saeed.398@student.test.com","$2y$10$NP0zPIsp5oCFHHL6EzQzOedTRz/p39cbb.wmByjT4r8sv5aRg0v5m","student","First Year of Middle School",NULL,"1","2026-09-21 21:28:18","2026-09-21 21:28:18"
"461","Ayman Saeed","ayman.saeed.349@student.test.com","$2y$10$ConX4YjttqhFO4GN0roTZeRm6JhcZzNrRlFRipJdE85ta6/JdqH8G","student","Second Year of Middle School",NULL,"1","2026-09-21 21:28:18","2026-09-21 21:28:18"
"462","May Saeed","may.saeed.843@student.test.com","$2y$10$PmbmmgIPPdkMlM85KhdlzOvCBuJh3rXnR70xWdjTNq.XrAUE3RjZO","student","Third Year of Middle School",NULL,"1","2026-09-21 21:28:18","2026-09-21 21:28:18"
"463","Alaa Saeed","alaa.saeed.632@student.test.com","$2y$10$DviIagfSTebmL9FTngmcRe7IfoBjziyOZ.bi28UTjUTZHi/jdFE9a","student","First Year of Middle School",NULL,"1","2026-09-21 21:28:19","2026-09-21 21:28:19"
"464","Shereen Saeed","shereen.saeed.587@student.test.com","$2y$10$dM.rMb4yWrrVUUfexEVnnuNiZbnQu.zaZ.YdUWR8NgIZUqKF6X6Rq","student","Second Year of Middle School",NULL,"1","2026-09-21 21:28:19","2026-09-21 21:28:19"
"465","Fady Saeed","fady.saeed.198@student.test.com","$2y$10$KxeCWzjees1FE9cUd.4FwucagCTqMEb90H5v/KBfo2HOy9du5xVuy","student","Third Year of Middle School",NULL,"1","2026-09-21 21:28:19","2026-09-21 21:28:19"
"466","Riham Saeed","riham.saeed.945@student.test.com","$2y$10$kCTq.DZO6/NlmpQrYCPMXecJ/jjlR6w/oc21cxkA5XqGmYlUzMsuC","student","First Year of Middle School",NULL,"1","2026-09-21 21:28:19","2026-09-21 21:28:19"
"467","Hazem Saeed","hazem.saeed.750@student.test.com","$2y$10$Q20/IDyNex8iGwN9w0D04OxZdgUCxiR/zZu/G2mll6yO2GoYq4UgK","student","Second Year of Middle School",NULL,"1","2026-09-21 21:28:19","2026-09-21 21:28:19"
"468","Doaa Saeed","doaa.saeed.704@student.test.com","$2y$10$nd3/Fh1rkPZBVucodAsRVuCzygosWBDvAn3nAMzC6ifbJ8kU4xLK2","student","Third Year of Middle School",NULL,"1","2026-09-21 21:28:20","2026-09-21 21:28:20"
"469","Sameh Saeed","sameh.saeed.689@student.test.com","$2y$10$vvb2DAMPUQmnwEx6oEVS9.JAszaMGwmDgDyPMvpwpViW15Cubvqre","student","First Year of Middle School",NULL,"1","2026-09-21 21:28:20","2026-09-21 21:28:20"
"470","Marwa Saeed","marwa.saeed.541@student.test.com","$2y$10$1ccMMRNmoWbM2Y/0.GnzZePGiFyS5aMGXVmUGA4M1vPVsGVw9EXpa","student","Second Year of Middle School",NULL,"1","2026-09-21 21:28:20","2026-09-21 21:28:20"
"471","Medhat Saeed","medhat.saeed.158@student.test.com","$2y$10$R6w5IHnFTV3kDa4KrGb8Ved1vU0boT0Kgegss/Y40WP3k1Ys2Dw6i","student","Third Year of Middle School",NULL,"1","2026-09-21 21:28:20","2026-09-21 21:28:20"
"472","Shahd Saeed","shahd.saeed.829@student.test.com","$2y$10$4xwR4e6mzSITa.6zcE1z8.pbACyZuvOzBs3/6f2AxqnJkB/puNNOG","student","First Year of Middle School",NULL,"1","2026-09-21 21:28:20","2026-09-21 21:28:20"
"473","Essam Saeed","essam.saeed.311@student.test.com","$2y$10$B4UwcbLUxM5TgImwKYwiBuaOzEP9yZnvRGqTUcE07qcxjBY5P7uA2","student","Second Year of Middle School",NULL,"1","2026-09-21 21:28:20","2026-09-21 21:28:20"
"474","Yasmin Saeed","yasmin.saeed.979@student.test.com","$2y$10$gh1RB8DNGC2q686RXdKsyOxIg8e8Yr.1LkYdY2OrAyxB2UoFJSm1W","student","Third Year of Middle School",NULL,"1","2026-09-21 21:28:21","2026-09-21 21:28:21"
"475","Raouf Saeed","raouf.saeed.673@student.test.com","$2y$10$GnXTeTKAquajVX6C8iGEgO3v0.JLyMsQJcSoEcw.ZexB0LhXkH9/q","student","First Year of Middle School",NULL,"1","2026-09-21 21:28:21","2026-09-21 21:28:21"
"492","Mr. Hesham Selim","hesham@example.com","$2y$10$aQ0kUzKA/ucq09LbOXrtveNVWeIZrf5/yzOGCEJwZc3JKCBi8cl/u","teacher",NULL,"History","1","2026-09-29 20:44:36","2026-09-29 20:44:36"
"493","Asst. Karim Hesham","karimhesh@test.com","$2y$10$D0HtPm1xO6EvjdlzQz3AE.0ILF83wPo90exGHg47RsUj6mSaJcZsK","assistant",NULL,NULL,"1","2026-09-29 20:47:33","2026-09-29 20:47:33"
"494","Asst. Sara Hesham","sarahesh@test.com","$2y$10$4I5WTGzMHJmXEhtTd07X.ufiQy2VDdoNw.7d3wkG0IJVVoWUTe3vK","assistant",NULL,NULL,"1","2026-09-29 20:48:37","2026-09-29 20:48:37"
"495","Youssef Mohamed","you@test.com","$2y$10$sI04JccbSakhXDhRdb078eAeVUAffwZbYKx.oNgrQAAxefebIv8Tq","student","First Year of High School",NULL,"1","2026-09-29 20:55:41","2026-09-29 20:55:41"
